movieID	movieTitle	genres	rating
1	Ocean's Thirteen (2007)	Crime, Thriller	6.9
2	Boogie Nights (1997)	Drama	7.9
3	Just Friends (2005)	Music	6.3
4	Frozen (2013)	Thriller	5.8
5	Empire Records (1995)	Comedy, Drama, Music	6.7
6	Tideland (2006)	Drama, Fantasy, Horror	6.5
7	I Want Candy (2007)	Comedy	5.4
8	Empire (2002)	Drama, Western	8.4
9	Stripped (2013)	Documentary	4.9
10	Ftina tsigara (2001)	Comedy, Romance	7.4
11	War Chod Na Yaar (2013)	Comedy, War	5.6
12	Matchstick Men (2003)	Comedy, Crime, Drama	7.3
13	The Extendables (2014)	Comedy	4.3
14	Unemployed (2008)	Comedy	3.2
15	The Ladies of the House (2015)	Horror, Thriller	5.4
16	Love Wrecked (2006)	Adventure, Comedy, Romance	4.9
17	Oceans (1998)	NO DATA	NO DATA
18	Men in Pink (1999)	Documentary	NO DATA
19	Open Season 3 (2011)	Adventure, Animation, Comedy	5.2
20	Space Buddies (2009)	Adventure, Family, Fantasy	4.5
21	Going, Going, Almost Gone! Animals in Danger (1995)	NO DATA	NO DATA
22	I'll Be Home for Christmas (1998)	Drama	6.5
23	Tunnel Rats (2008)	Action, Drama, War	4.7
24	Kickassia (2010)	Action, Comedy	6.2
25	Delivering Milo (2001)	Comedy, Fantasy	5.8
26	Ronal Barbaren (2011)	Adventure, Animation, Comedy	6.6
27	Late Phases (2014)	Horror	6
28	The Mine (2012)	Adventure, Horror, Mystery	3.8
29	Lake Dead (2008)	Horror, Thriller	4.2
30	The Number 23 (2007)	Mystery, Thriller	6.4
31	Cold Mountain (2003)	Adventure, Drama, History	7.2
32	Hollow Man (2000)	Action, Horror, Sci-Fi	5.7
33	Dinner for Schmucks (2010)	Comedy	5.9
34	Hidalgo (2004)	Short	7.7
35	Escape from Planet Earth (2013)	Adventure, Animation, Comedy	5.9
36	Evolution (2001)	Animation, Comedy, Short	6.5
37	Four Brothers (2005)	Action, Crime, Drama	6.9
38	The Ten (2008)	Comedy, Romance	5
39	Wing Commander (1999)	Drama, War	6.7
40	Fired Up! (2009)	Comedy	6.2
41	Fortitude (2015)	Western	8.7
42	Lewis (2007)	NO DATA	NO DATA
43	Running with Scissors (2006)	Comedy, Short	6.8
44	Original Gangstas (1996)	Action, Crime, Drama	5.7
45	The Posthuman Project (2014)	Action, Adventure, Comedy	3.8
46	Narm Pee Nong Sayong Kwan (2010)	Comedy, Horror	6.8
47	Gallows Road (2015)	Drama	5
48	Noel (2004)	Animation, Family	7.1
49	Deuce of Spades (2011)	Drama	7.1
50	Lola la trailera (2005)	Action, Comedy, Crime	4.5
51	Seua phuu khaao (2005)	Action, Fantasy	5
52	Proof of Life (2000)	Action, Drama, Thriller	6.2
53	"Falling Skies" Reborn (2015)	NO DATA	NO DATA
54	Episode 12 (2015)	Comedy, Drama, Romance	NO DATA
55	Nightwatching (2007)	Biography, Drama, History	6.6
56	Red Dog (2011)	Comedy, Western	7.5
57	Brothers in Arms (2005)	Drama, Thriller	5.1
58	Prensesin Uykusu (2010)	Comedy, Drama	6.8
59	Accidental Farmer (2010)	Comedy	6.8
60	Hard Luck Hero (2003)	Action, Comedy, Crime	6.2
61	Brothers in Arms (2003)	Drama, Thriller	5.1
62	Black Dynamite (2012)	Action, Comedy	7.4
63	Orcs! (2011)	Action, Comedy, Fantasy	3.6
64	Hisss (2010)	Comedy, Drama, Horror	2.9
65	Grégoire Moulin contre l'humanité (2001)	Comedy, Romance	7
66	Sinners and Saints (2010)	Adult	NO DATA
67	Post coitum (2004)	Comedy, Short	7.3
68	Bat sei ching mai (2001)	Action, Drama	5.9
69	Consinsual (2010)	Drama	3.9
70	Shou xing xin ren lei (2000)	Horror, Thriller	5.3
71	Fobos. Klub strakha (2010)	Horror, Thriller	3.8
72	Jag etter vind (2013)	Drama	6.4
73	The Matrix Reloaded (2003)	Action, Sci-Fi	7.2
74	Death Proof (2007)	Action, Thriller	7.1
75	Me, Myself & Irene (2000)	NO DATA	NO DATA
76	Rush Hour 3 (2007)	Action, Comedy, Crime	6.2
77	The Lego Movie (2014)	Action, Adventure, Animation	7.8
78	Dumb and Dumber To (2014)	Adventure, Comedy	5.6
79	The Long Kiss Goodnight (1996)	Action, Crime, Drama	6.7
80	La cité des enfants perdus (1995)	Fantasy, Sci-Fi	7.6
81	Red Tails (2012)	Action, Adventure, Drama	5.9
82	John Dies at the End (2013)	Comedy, Horror, Sci-Fi	6.4
83	Robots (2005)	Sci-Fi	7.9
84	Las Vegas (2003)	Comedy, Drama, Romance	6
85	Mirrormask (2005)	Adventure, Fantasy	6.9
86	Clear History (2013)	Comedy	6.5
87	Terra (2009)	Animation, Drama, Sci-Fi	7.2
88	The Forsaken (2001)	Horror, Thriller	5.3
89	The Rift (2012)	Action, Adventure, Horror	4.5
90	Get Smart (2008)	Action, Adventure, Comedy	8.3
91	Repli-Kate (2002)	Comedy, Sci-Fi	5.7
92	Girl Walks Into a Bar (2011)	Comedy, Drama, Romance	5.7
93	Sharpay's Fabulous Adventure (2011)	Comedy, Drama, Family	4.8
94	Pooh's Heffalump Movie (2005)	Animation, Comedy, Family	6.4
95	Legally Blondes (2009)	Comedy, Family	3.8
96	The Babysitter (1995)	Thriller	NO DATA
97	Going the Distance (2004)	Documentary	6.8
98	Mickey's Once Upon a Christmas (1999)	Animation, Comedy, Family	7.2
99	Purgatory (1999)	Action, Drama	3.9
100	Dante's Cove (2005)	Drama, Horror, Mystery	6.1
101	Dark Wolf (2003)	NO DATA	NO DATA
102	The Thirteenth Tale (2013)	Drama, Mystery	7
103	Six Ways to Sunday (1999)	Comedy, Crime, Drama	6.4
104	BearCity (2010)	Comedy, Romance	6
105	Barbie Mariposa and Her Butterfly Fairy Friends (2008)	Animation, Family, Fantasy	5.9
106	Maya the Bee Movie (2014)	Adventure, Animation, Comedy	6
107	Habibie & Ainun (2012)	Drama	7.6
108	Hollywood Sex Wars (2011)	Comedy	3.3
109	Fast & Furious (2009)	Action, Crime, Thriller	6.6
110	Hard Boiled Sweets (2012)	Crime, Thriller	4.7
111	Skid Marks (2007)	Action, Comedy	3.8
112	Paksa wayu (2004)	Fantasy	4.4
113	Devil Winds (2003)	Action, Drama, Sci-Fi	4.5
114	The Young Person's Guide to Becoming a Rock Star (1998)	Comedy	8.2
115	Gui mi (2014)	NO DATA	NO DATA
116	Insolação (2010)	Drama	5.7
117	Karma (2012)	Action, Adventure, Comedy	7.4
118	Breaking the Press (2010)	Drama	5.6
119	Duk dum dui (2003)	Adventure, Comedy, Fantasy	4
120	16 Blocks (2006)	Action, Crime, Drama	6.6
121	"Are You Afraid of the Dark?" The Tale of the Unexpected Visitor (1996)	NO DATA	NO DATA
122	"The Messengers" Spark of Hope (2015)	NO DATA	NO DATA
123	"The Messengers" Houston, We Have a Problem (2015)	NO DATA	NO DATA
124	The Winging Detective (2015)	Comedy, Fantasy	8.3
125	Bong Srolanh Oun (2015)	Horror	6.3
126	Road to Atlantis 2 (2004)	Adult	NO DATA
127	Virus (1999)	Horror, Sci-Fi, Thriller	5
128	August Rush (2007)	Drama, Music	7.5
129	Open Season 2 (2008)	Adventure, Animation, Comedy	5.6
130	Bedazzled (2000)	Comedy, Fantasy, Romance	7
131	Kites (2010)	Drama	NO DATA
132	Ted 2 (2015)	Comedy	6.3
133	Keloglan kara prens'e karsi (2006)	NO DATA	NO DATA
134	National Lampoon Presents Dorm Daze (2004)	NO DATA	NO DATA
135	Trekkies (2002)	Documentary	7
136	The Other Guys (2010)	Action, Adventure, Drama	8.3
137	Judy Moody and the Not Bummer Summer (2011)	Comedy, Family	4.2
138	Mr. Peabody & Sherman (2014)	Adventure, Animation, Comedy	6.8
139	See prang (2008)	Drama, Horror, Mystery	6.7
140	Inspector George Gently (2007)	Crime, Drama, Mystery	7.9
141	Nice Guy Johnny (2010)	Comedy, Romance	6.3
142	Wyvern (2009)	Action, Fantasy, Horror	4.8
143	Exporting Raymond (2010)	Comedy, Documentary	6.9
144	1920 Bitwa Warszawska (2011)	Drama, History, Musical	4.2
145	Frits en Freddy (2010)	Comedy	6.4
146	For da Love of Money (2002)	Comedy	4.6
147	Johnny (2010)	NO DATA	NO DATA
148	The Science of Doctor Who (2013)	Documentary	8.2
149	Missed Connections (2012)	Drama, Romance	6.3
150	The Science of Doctor Who (2012)	Documentary	8.2
151	Bark Ranger (2015)	Family	4.6
152	Hwiparam gongju (2002)	Comedy	3.6
153	Fanboys (2009)	Comedy, Short	6.7
154	Dirty Work (1998)	Comedy, Sci-Fi, Short	7.6
155	Space Chimps (2008)	Adventure, Animation, Comedy	4.5
156	Gone Fishin' (1997)	Comedy, Crime	4.7
157	Kronk's New Groove (2005)	Animation, Comedy, Family	5.9
158	All Cheerleaders Die (2014)	Horror	5.1
159	Who's Your Daddy? (2005)	Comedy	4.8
160	Camp Rock (2008)	Comedy, Family, Music	5.1
161	Beneath the Blue (2010)	Drama	5.4
162	The Starving Games (2013)	Comedy	3.3
163	Irene Huss - Det lömska nätet (2013)	NO DATA	NO DATA
164	August Evening (2007)	Drama	7
165	Die Reise ins Glück (2005)	Fantasy	6.3
166	A Very Brady Sequel (1996)	Comedy	5.6
167	Zombieland (2013)	Adventure, Comedy, Horror	7.7
168	"America's Next Top Model" The Girl Who Walks Away (2015)	NO DATA	NO DATA
169	Scooby-Doo! Curse of the Lake Monster (2010)	Adventure, Animation, Comedy	5.2
170	Last Ounce of Courage (2012)	Drama, War	4.1
171	Intramural (2015)	Crime, Drama, Thriller	8.2
172	Barbie in Princess Power (2015)	Animation, Family, Fantasy	5.7
173	Selestenje (2002)	Drama	6.7
174	Duplicity (2009)	Comedy, Short	NO DATA
175	Half Past Dead 2 (2007)	Action, Crime	4.6
176	Waiting for Guffman (1997)	Comedy	7.6
177	Connie and Carla (2004)	Comedy, Crime, Music	6.3
178	Equilibrium (2003)	Action, Drama, Sci-Fi	7.5
179	The A-Team (2010)	Action, Adventure, Crime	7.6
180	Flags of Our Fathers (2006)	Drama, History, War	7.1
181	22 Jump Street (2014)	Action, Comedy, Crime	7
182	The Ninth Gate (1999)	Mystery, Thriller	6.7
183	Windtalkers (2002)	Action, Drama, War	6
184	Celtic Pride (1996)	Comedy, Sport	5.2
185	Tokyo! (2008)	Comedy, Drama, Fantasy	7.1
186	Max Keeble's Big Move (2001)	Comedy, Crime, Family	5.4
187	Wicked (2001)	Drama	6.1
188	Der Schuh des Manitu (2001)	Comedy, Western	6.6
189	Caught in the Crossfire (2012)	Documentary	NO DATA
190	Kinky Boots (2006)	Comedy, Drama, Music	7.1
191	Jinxed (2013)	Short	NO DATA
192	Silent Warnings (2003)	Horror, Sci-Fi, Thriller	4
193	Toy Story 2 (1999)	Adventure, Animation, Comedy	7.9
194	Balls of Fury (2007)	Comedy, Crime, Sport	5.3
195	BloodRayne (2006)	Action, Adventure, Horror	7.4
196	I Love You, Beth Cooper (2009)	NO DATA	NO DATA
197	Pokémon (1998)	Action, Adventure, Animation	7.5
198	The Order (2003)	Drama	NO DATA
199	The Flintstones in Viva Rock Vegas (2000)	Comedy, Family, Romance	3.6
200	Erufen rîto (2004)	Animation, Drama, Horror	8.1
201	Fat Albert (2004)	Comedy, Family, Fantasy	4.3
202	In Darkness (2012)	Fantasy, Short	NO DATA
203	Kizzu ritân (1996)	Crime, Drama, Sport	7.6
204	Doogal (2006)	Adventure, Animation, Comedy	2.8
205	Sommer vorm Balkon (2006)	Drama	7
206	The Magic Roundabout (2005)	NO DATA	6.2
207	Crossworlds (1997)	Action, Comedy, Sci-Fi	5.3
208	Chihwaseon (2002)	Biography, Drama, History	7.3
209	Aladin (2009)	Short	6.1
210	À cause d'un garçon (2002)	Drama, Romance, Sport	6.6
211	Femmine contro maschi (2011)	Comedy	5.4
212	Die geliebten Schwestern (2014)	Drama, History, Romance	6.1
213	Pescuit sportiv (2009)	Drama	7.1
214	Ao no hono-o (2003)	Crime, Drama, Romance	7.3
215	Disarmed (2010)	Drama, Short	7.4
216	Russell Madness (2015)	Family	4.2
217	Attention Shoppers (2000)	Comedy	5.1
218	Baan Chan Talok Wai Gon (2010)	Comedy, Drama	7.1
219	Geol seukauteu (2008)	Comedy	5.6
220	The Sin Eater (1997)	Short	7
221	Wizard World Chicago 2002 (2002)	Documentary	NO DATA
222	Johnny Bravo (1997)	Animation, Comedy, Family	7.3
223	Reconstruction (2003)	Documentary, Short	8.6
224	Goemon (2009)	Action, Drama, History	6.7
225	Romy and Michele's High School Reunion (1997)	Comedy	6.2
226	Naege Geotjitmaleul Haebwa (2011)	Comedy, Drama, Romance	7.4
227	Zerachin shirubâ love (2009)	Thriller	6.2
228	Miss March (2009)	Comedy, Romance	5
229	The Devil and Daniel Johnston (2006)	Biography, Documentary, Music	8
230	50 First Dates (2004)	Comedy, Drama, Romance	6.8
231	SAGA - Curse of the Shadow (2013)	Action, Adventure, Fantasy	5
232	Tom Brown's Schooldays (2005)	Drama	6
233	Piano no mori (2007)	Animation, Drama, Family	7.1
234	Gekijoban Poketto Monsuta besuto uisshu bikutini to kuroki eiyu zekuromu (2011)	Adventure, Animation, Drama	6.1
235	Meet Dave (2008)	Adventure, Comedy, Family	4.9
236	The Power Within (1995)	NO DATA	NO DATA
237	Albert (1998)	Adventure, Family	5.1
238	Ardena (1997)	NO DATA	5.1
239	Khamsa (2008)	Drama	6.7
240	Eric & Ernie (2011)	Drama	8
241	Sha shou Ouyang Penzai (2011)	Comedy, Crime, Romance	4.9
242	Frankenstein's Army (2013)	Horror	5.3
243	George Lucas in Love (1999)	Comedy, Romance, Short	7.6
244	1 1/2 Ritter - Auf der Suche nach der hinreißenden Herzelinde (2008)	Comedy	3.6
245	De fortabte sjæles ø (2007)	Action, Adventure, Family	5.7
246	Su-ki-da (2006)	Drama, Romance	7.2
247	Teufelskicker (2010)	Comedy, Family, Sport	5.3
248	Cafundó (2005)	Biography, Drama, History	6.7
249	Neko zamurai (2014)	Comedy, History	6.4
250	Holiday Celebration on Ice 2005 (2005)	Music, Sport	NO DATA
251	Im Juli. (2000)	NO DATA	NO DATA
252	ATL (2006)	Comedy, Crime, Drama	6
253	Buck Wild (2014)	Comedy, Crime, Romance	5.9
254	The History Boys (2006)	Comedy, Drama, Romance	6.9
255	Die Stille nach dem Schuß (2000)	Drama, Romance	7
256	Aakhari Decision (2010)	Action, Drama, Thriller	6
257	Karol, un uomo diventato Papa (2005)	NO DATA	NO DATA
258	Nam Man Prai (2014)	Horror	5
259	A Religiosa Portuguesa (2009)	Drama	6.6
260	Lluvia (2010)	Drama, Romance, Short	8.5
261	Jo Hum Chahein (2011)	Drama, Romance	5.4
262	Be-Careful (2011)	Comedy, Crime, Drama	3.1
263	Hvidsten gruppen (2012)	Drama, War	6.6
264	Aakrosh (2010)	Drama, Mystery, Thriller	8
265	Gudseura Geum-suna (2002)	Drama	6.6
266	La bella gente (2015)	Drama	6.7
267	Moteki (2011)	Comedy	7.9
268	Bokmyeon dalho (2007)	Comedy	6.5
269	Baat seng bou hei (2012)	Comedy	6.4
270	Politiki kouzina (2003)	Comedy, Drama	7.6
271	Ye shou zhi tong (2001)	Action, Drama	6.1
272	Mr. Medhavi (2008)	Drama, Romance	6.1
273	Khoht-rak-eng-loei (2006)	Comedy, Drama, Romance	7
274	Black Power Salute (2008)	Documentary, Sport	7.5
275	Rey (2015)	Reality-TV	NO DATA
276	Mrtav 'ladan (2002)	Comedy, Drama	8.4
277	Mr. & Mrs. Khiladi (1997)	Comedy, Drama, Romance	6.7
278	Kong Zi (2010)	Biography, Drama, History	6.2
279	Haan Maine Bhi Pyaar Kiya (2002)	Drama, Musical, Romance	4.1
280	Amu (2005)	Drama	7.4
281	Scream (1996)	Horror, Mystery	2.8
282	A Perfect Murder (1998)	Crime, Drama, Thriller	6.5
283	Muppets Most Wanted (2014)	Adventure, Comedy, Crime	6.4
284	The Nut Job (2014)	Adventure, Animation, Comedy	5.8
285	Wrongfully Accused (1998)	Action, Comedy, Thriller	6.1
286	Superman (1996)	Action, Adventure, Animation	7.4
287	The Adventures of Tintin (2011)	Adventure, Animation, Crime	8.3
288	The Wrong Guy (1997)	Comedy, Thriller	7.1
289	Superhero Movie (2008)	Action, Comedy	4.5
290	The Barber (2015)	Short	NO DATA
291	Stranger Within (2013)	Mystery, Thriller	3.7
292	The Harry Hill Movie (2013)	Adventure, Comedy, Musical	3.7
293	The Abduction Club (2002)	Action, Adventure, Comedy	6.7
294	Sleeping Beauty (2014)	Animation, Short	NO DATA
295	Spy School (2008)	Adventure, Comedy, Drama	4.7
296	The Last Godfather (2010)	Comedy	3.6
297	Dark Storm (2006)	Sci-Fi, Thriller	3.3
298	If There Be Thorns (2015)	Drama	5.9
299	Reisen til julestjernen (2012)	Adventure, Family, Fantasy	6.4
300	The President Is Coming (2009)	Comedy	6.9
301	Iki-jigoku (2000)	Horror	5.7
302	Monica la mitraille (2004)	Drama	6.7
303	Stóra planið (2008)	Comedy	5.7
304	Kakushi toride no san akunin (2008)	Action, Adventure, Drama	6.2
305	Kozí príbeh (2008)	Animation, Comedy, Family	3.8
306	Tales of the Riverbank (2008)	Family	8.5
307	MacGruber (2010)	Action, Comedy, Romance	5.5
308	Mangchi (2004)	Action, Adventure, Animation	5.8
309	Mou yuukainante shinai (2012)	Comedy, Drama, Mystery	6.7
310	Little Boy (2015)	Comedy, Family, Fantasy	6.7
311	Paranoia (2013)	Drama	6.9
312	My Fellow Americans (1996)	Adventure, Comedy	6.5
313	The Last Shot (2004)	Animation, Comedy, Short	NO DATA
314	Inspector Gadget 2 (2003)	Action, Comedy, Family	3.4
315	Scooby-Doo! The Mystery Begins (2009)	Adventure, Animation, Comedy	5.7
316	Kiler (1997)	Action, Comedy, Crime	7.6
317	Big Driver (2014)	Short, Thriller	6.3
318	Ti piace Hitchcock? (2005)	Mystery, Thriller	5.7
319	Miss Fisher's Murder Mysteries (2013)	Crime, Drama, Mystery	8.4
320	R100 (2013)	Comedy, Drama	6
321	Return to Cabin by the Lake (2001)	Comedy, Horror, Thriller	4.3
322	$windle (2004)	Action, Crime, Drama	5.5
323	Opposite Day (2009)	Comedy, Family	4.3
324	Garfield's Pet Force (2009)	Action, Animation, Comedy	4.2
325	Sae-yi yaeseu (2001)	Crime, Drama, Romance	5.6
326	Sub terra (2003)	Drama, Romance	6.6
327	El sueño de una noche de San Juan (2005)	Adventure, Animation, Drama	5.5
328	Hell to Pay (2006)	NO DATA	NO DATA
329	Krestonosets (1995)	Action	4.4
330	The Crusaders (2004)	NO DATA	7
331	Timmy Muldoon and the Search for the Shadoweyes Bandit (2013)	Adventure, Comedy, Crime	7
332	An Actor's Look at John Cassavetes (2000)	Documentary, Short	NO DATA
333	Perfect World (1997)	NO DATA	NO DATA
334	The Boys Are Back (2009)	Comedy	7.5
335	Thr3e (2007)	Drama, Horror, Mystery	5.1
336	Izzat (2005)	NO DATA	6.3
337	Terminal Invasion (2002)	Action, Mystery, Sci-Fi	5
338	Nain souruzu (2003)	Adventure, Comedy, Crime	7.3
339	L'annulaire (2005)	Drama	6.2
340	Unmei janai hito (2006)	Comedy, Drama, Romance	7.8
341	Xiang ri kui (2007)	Drama, Romance	7.2
342	Rubber's Lover (1996)	Horror, Sci-Fi	6.4
343	The Watsons Go to Birmingham (2013)	Family, History	6.5
344	Les Apaches (2013)	Comedy, Short	5.6
345	Abracadaver! (2008)	Horror, Short	5.4
346	Dinosaur Island (2014)	Adventure, Comedy, Fantasy	3.5
347	"Austin & Ally" Mysteries & Meddling Kids (2015)	NO DATA	NO DATA
348	Rush Hour 2 (2001)	Action, Comedy, Crime	6.6
349	Littleman (2006)	Comedy, Crime	4.3
350	2 Fast 2 Furious (2003)	Action, Crime, Thriller	5.9
351	Tais-toi! (2003)	Comedy, Crime	7.2
352	Te wu mi cheng (2001)	Action, Comedy, Crime	5.9
353	12 (2007)	Comedy, Music	7.5
354	Ocean's Twelve (2004)	Crime, Thriller	6.5
355	Forget Paris (1995)	Comedy, Romance	6.4
356	Manam (2014)	Comedy, Drama, Fantasy	8.1
357	De l'autre côté du périph (2012)	Documentary	7.4
358	Need for Speed (2014)	Adventure, Family	NO DATA
359	Yeong-hwa-neun yeong-hwa-da (2008)	Action	7.2
360	La herencia Valdemar (2010)	Horror, Mystery	5.6
361	Hotel Noir (2012)	Crime, Drama, Romance	5.6
362	History Is Made at Night (1999)	Drama, Romance	7.4
363	Ishkq in Paris (2013)	Comedy, Romance	4.1
364	Inspiración (2001)	Short	NO DATA
365	Bufo & Spallanzani (2001)	Crime, Horror, Mystery	7
366	Sing yuet tung wa (1999)	Crime, Drama, Romance	6.3
367	Yi sheng tan xi (2000)	Drama, Family, Romance	7.1
368	Mauvais genres (2001)	Drama	5.6
369	Opinberun Hannesar (2003)	Comedy, Drama	2.1
370	Mistyfikacja (2010)	Drama, Mystery, Thriller	5.5
371	Chae-po-wang (2011)	Action, Comedy	6.1
372	Ji su tian shi (2011)	Action	4.3
373	Hello Darling (2010)	Comedy, Crime, Drama	NO DATA
374	Rise of the Footsoldier (2007)	Action, Biography, Crime	6.9
375	Room 237 (2012)	Documentary	6.2
376	Tom yum goong (2006)	Action, Crime, Drama	7.1
377	Crimen ferpecto (2004)	Comedy, Crime, Thriller	7.1
378	Ill Manors (2012)	Crime, Drama	7.1
379	Garam Masala (2005)	Action, Comedy, Musical	6.1
380	Tsumetai nettaigyo (2011)	Comedy, Crime, Drama	7.1
381	7 Aum Arivu (2011)	Action, Sci-Fi, Thriller	6.1
382	Bluffmaster! (2005)	Comedy, Crime, Drama	6.7
383	Homecoming (2009)	Drama, Romance, War	6.8
384	R... Rajkumar (2013)	Action	5.2
385	Taxi 3 (2003)	Action, Comedy, Crime	5.8
386	Ask Tutulmasi (2008)	Comedy, Romance	5.7
387	Say It Isn't So (2001)	Comedy, Romance	4.9
388	Frostbite (2005)	Short	5.4
389	Chi ming yu chun giu (2010)	NO DATA	NO DATA
390	Che sau (2012)	Action, Crime, Drama	5.9
391	Akunin (2010)	Crime, Drama, Romance	7.2
392	Portret v sumerkakh (2011)	Drama	6.5
393	Room to Rent (2001)	Comedy	6.3
394	Badshahi Angti (2014)	Mystery, Thriller	6.5
395	The Movie Out Here (2013)	Comedy	4.4
396	Lat sau wui cheun (2000)	Comedy	5.9
397	Meeletu (2007)	Comedy	7.2
398	Pojedeme k mori (2014)	Comedy, Drama, Family	6.9
399	Shou shen (2005)	Crime, Mystery, Thriller	4.9
400	Snitch (2013)	Crime, Drama, Thriller	6.7
401	De caravana (2011)	Adventure	6.8
402	Catholic Ghoulgirls (2005)	Action, Comedy, Horror	2.4
403	Yo soy sola (2008)	Comedy, Drama	5.6
404	Taxi (2004)	Drama, Romance	7.8
405	Blood Ties (2013)	Horror, Thriller	5.2
406	Anche libero va bene (2006)	Drama	7.5
407	Bu er shen tan (2013)	Action, Comedy, Crime	4.7
408	The Phantom (1996)	Crime, Drama	NO DATA
409	Open Windows (2014)	Documentary, Short	NO DATA
410	Fifty Dead Men Walking (2009)	Crime, Drama, Thriller	6.9
411	Treasure Guards (2011)	Adventure	4.6
412	Broken City (2013)	Action, Crime, Drama	6.2
413	Bangkok Haunted (2001)	Horror, Mystery	5.1
414	Yeh Raaste Hain Pyaar Ke (2001)	Drama, Romance	4
415	Sinav (2006)	Comedy, Drama	6.5
416	Kempe Gowda (2011)	Action, Crime, Thriller	7
417	2424 (2002)	Action, Comedy	5
418	Nae yeojachingureul sogae habnida (2004)	Comedy, Crime, Drama	7.3
419	The Lookout (2007)	Crime, Drama, Thriller	7.1
420	Besharam (2013)	Action, Drama	6.2
421	Cavemen (2015)	Animation, Comedy, Sci-Fi	6.5
422	Tau man ji D (2005)	Action, Comedy, Drama	6.4
423	Caterina va in città (2003)	Comedy, Drama	6.9
424	Beck (1997)	Drama	7.1
425	Sebeun deijeu (2007)	Crime, Thriller	6.8
426	Kachche Dhaage (1999)	Action, Drama, Romance	6
427	Raghs dar ghobar (2003)	Drama	7.1
428	When the Sky Falls (2000)	Biography, Crime, Drama	6.6
429	Me and You and Everyone We Know (2005)	Comedy, Drama	7.3
430	Shuang shi ji (2008)	Drama, Mystery	6.3
431	Crocodile Dundee in Los Angeles (2001)	Adventure, Comedy, Crime	4.8
432	The Body (2001)	Documentary	8.3
433	Polisse (2011)	Crime, Drama	7.3
434	My Dog Tulip (2011)	Animation, Drama	6.9
435	Gente decente (2004)	Drama	3.8
436	Mankatha (2011)	Action, Comedy, Crime	7.6
437	Dirty Little Trick (2011)	Crime, Thriller	3.6
438	Rookie Blue (2010)	Crime, Drama	7.7
439	Jing xin dong po (2004)	Mystery, Thriller	5
440	Amber Alert (2012)	Comedy	NO DATA
441	The Astonishing Ashtons (1999)	NO DATA	NO DATA
442	Lailaa O Lailaa (2015)	Action, Thriller	3.1
443	Carry on Jatta (2012)	Comedy	8.3
444	Mere Brother Ki Dulhan (2011)	Comedy, Family, Romance	5.9
445	Shrink (2009)	Comedy, Short	5.7
446	O Convento (1995)	Drama, Mystery	5.9
447	Happy Ever Afters (2009)	Comedy	5.6
448	Angadi Theru (2010)	Drama	7.6
449	Tengo ganas de ti (2012)	Drama, Romance	7
450	The U.S. vs. John Lennon (2006)	Biography, Documentary, Music	7.4
451	To nie tak jak myslisz, kotku (2008)	NO DATA	NO DATA
452	Balls to the Wall (2011)	Comedy	3.7
453	Beyond the Trophy (2012)	Action, Crime, Drama	5.1
454	Judas Kiss (1999)	Crime, Drama, Thriller	6.4
455	How's It Going to End? The Making of 'The Truman Show' (2005)	Documentary, Short	6.8
456	Maaro (2011)	Action	4.5
457	Le dernier vol (2009)	Adventure, Drama, Romance	5.6
458	Pappu (2010)	NO DATA	NO DATA
459	SpyTek (1998)	Documentary, History	8.3
460	Moon to (2007)	Crime, Drama, Thriller	7.3
461	Wakolda (2014)	Drama, History, Thriller	6.8
462	Place Vendôme (1998)	Crime, Drama	6.5
463	Det nya landet (2000)	Comedy, Drama	7.5
464	Entelköy Efeköy'e Karsi (2011)	Comedy	6.7
465	The Banger Sisters (2002)	Comedy, Drama	5.6
466	The Last Supper (1996)	Drama	7.2
467	Oasiseu (2002)	Drama, Romance	8
468	Home and Away (2002)	Comedy, Drama	6.8
469	Sous les bombes (2008)	Drama, Romance, War	7.1
470	Sherdil (1999)	Family	3.9
471	Beur sur la ville (2011)	Comedy, Crime	4.7
472	Broker (2010)	Crime	NO DATA
473	El rey de la montaña (2008)	Thriller	6.2
474	Unnaturally Born Killers (1996)	Horror	2.1
475	Zei gong zi (2000)	Action	5
476	Wszystko bedzie dobrze (2007)	Drama	7.2
477	Nubes de verano (2004)	Comedy, Drama	6.9
478	Organize Isler (2005)	Comedy, Drama	7.4
479	Colors of Women (2011)	Drama, Short	8
480	The Last Word (2008)	Comedy, Drama	5.7
481	Ggotpineun bomi omyeon (2004)	Drama	7.1
482	The Wizard of Gore (2007)	Horror	5.5
483	Üvegtigris 3. (2010)	Comedy	6.5
484	Jin chou fu lu shou (2011)	Comedy	5.2
485	Ishq (1997)	Action, Comedy, Drama	6.9
486	World's Toughest Driving Tests (2010)	Documentary	7.6
487	Jackhammer (2014)	Horror	3.3
488	Sau jok ying wa (2006)	News	NO DATA
489	Aimer, boire et chanter (2014)	NO DATA	NO DATA
490	The Trial (2010)	Drama, Thriller	6
491	The Badger Game (2014)	Comedy, Family	8
492	Le nèg' (2004)	Drama	7.2
493	Stay (2013)	Drama, Mystery, Thriller	6.9
494	Paul Is Dead (2000)	Drama	7.3
495	El Sicario, Room 164 (2011)	NO DATA	NO DATA
496	Onibi (1997)	NO DATA	8.4
497	Bi-mong (2008)	Drama, Fantasy, Mystery	6.6
498	Irene Huss - Tystnadens cirkel (2013)	NO DATA	NO DATA
499	Lan Gun Fu Dou Lan Gun Qi (2013)	Comedy	5.2
500	Appunti su una giornata particolare (2004)	Documentary	NO DATA
501	Episode 5 (2015)	Comedy, Drama, Romance	NO DATA
502	The Other Side (2006)	NO DATA	NO DATA
503	Pusher (2010)	Crime, Thriller	7.4
504	Bill Bailey Live (1997)	NO DATA	NO DATA
505	An American in Canada (2002)	Comedy	2.9
506	Qualmpeddler (2013)	NO DATA	NO DATA
507	Hunting the Stag (2014)	Crime, Drama, Mystery	7.9
508	Chik juk ging wan (1996)	Crime, Horror, Thriller	6
509	Gravity (2013)	Comedy, Short	8.1
510	The Proposal (2009)	Crime, Drama	NO DATA
511	Source Code (2011)	Mystery, Romance, Sci-Fi	7.5
512	2009 Loseuteu maemorijeu (2002)	Action, Drama, Sci-Fi	6.2
513	Corpse Bride (2005)	Animation, Drama, Family	7.4
514	Ethan Mao (2004)	Crime, Drama, Thriller	6.3
515	Ahiru to kamo no koinrokkâ (2007)	Drama	7.2
516	Buppha Rahtree (2003)	Comedy, Drama, Horror	7
517	Dodookmatgo motsala (2002)	Comedy	6.2
518	Fred Claus (2007)	Comedy, Family, Fantasy	5.6
519	Open Grave (2014)	Horror, Mystery, Thriller	6.3
520	American Heist (2015)	Action, Crime, Drama	5.2
521	Une vie de chat (2010)	Adventure, Animation, Comedy	7
522	Husk (2011)	Short	6.5
523	Devrim Arabalari (2008)	Drama	8
524	Uzumaki (2000)	Drama, Horror	6.2
525	La misma luna (2008)	Adventure, Drama	7.4
526	Feed (2006)	Documentary	5.8
527	Cat Run (2011)	Action, Comedy	5.6
528	Moving McAllister (2007)	Adventure, Comedy, Romance	5.3
529	Standard Operating Procedure (2008)	Crime, Documentary, War	7.5
530	Independence Day (1996)	Drama	6.4
531	Escaflowne (2000)	Action, Adventure, Animation	6.8
532	Daai zek lou (2003)	Action, Drama, Thriller	6.7
533	El mismo amor, la misma lluvia (1999)	NO DATA	NO DATA
534	Dong jing gong lüe (2000)	Action, Comedy, Drama	5.9
535	Cross (2011)	Action, Crime, Thriller	4.5
536	I Know That Voice (2013)	Documentary	7.5
537	Da Shang Hai (2012)	Action, Adventure, Crime	6.6
538	Copacabana (2010)	Comedy, Musical	6.2
539	Pressed (2011)	Action, Crime, Drama	4.7
540	A-i-deul... (2011)	Crime, Thriller	7.2
541	Las 13 rosas (2007)	Drama	6.8
542	Taxi para tres (2001)	Crime, Drama, Thriller	7
543	The Legend of Bloody Mary (2008)	Horror, Thriller	2.9
544	Running Man (2010)	Drama	NO DATA
545	Sangre eterna (2007)	Action, Horror, Thriller	4.4
546	Baramgwa hamjje sarajida (2012)	Action, Comedy, History	6.3
547	Big Top Scooby-Doo! (2012)	Adventure, Animation, Comedy	7
548	Dirty Laundry (2006)	Comedy, Thriller	4.3
549	Ho ching 2 (2014)	Comedy	4.8
550	Köld slóð (2006)	Drama, Mystery, Thriller	6.2
551	Shi cheng (2014)	Action, Horror	4
552	Conspiracy of Silence (2006)	Crime, Drama, Mystery	8
553	Stealing Las Vegas (2012)	Crime, Documentary	6.8
554	Garoojigi (2008)	Comedy, Fantasy	5.3
555	6 nyeon-jjae yeonae-jung (2008)	Romance	5.9
556	Nydenion (2011)	Sci-Fi	4.1
557	Chavez Cage of Glory (2013)	NO DATA	NO DATA
558	Sin tetas no hay paraíso (2010)	Drama	7.6
559	RPG Metanoia (2010)	Adventure, Animation, Drama	6
560	Unsolved Suburbia (2010)	Crime, Drama	3.3
561	Long Distance (2003)	Drama, Short	7.3
562	If I Had a Hammer (1999)	NO DATA	7.3
563	Third Eye (2014)	Documentary	NO DATA
564	Mo 6/5 pak ma tha phi 3 (2015)	Horror	4.9
565	Al Pereira vs. the Alligator Ladies (2012)	Comedy	4.2
566	Boku to Star no 99 nichi (2011)	Drama	7.2
567	Ooops! Noah is Gone... (2015)	Adventure, Animation, Comedy	5.8
568	"The Exes" Knotting Phil (2015)	NO DATA	NO DATA
569	Pixies (2015)	Documentary, Music	8
570	Episode 4 (2015)	Comedy, Drama, Romance	NO DATA
571	The Invisible (2007)	Crime, Drama, Fantasy	6.3
572	Disaster Movie (2008)	Comedy	1.9
573	Jigoku de naze warui (2013)	Action, Comedy	7.2
574	The Ambassador (2011)	Action, Drama, Thriller	5.2
575	The Blind Side (2009)	Biography, Drama, Sport	7.7
576	Hard Cash (2002)	Action, Drama, Short	NO DATA
577	The No. 1 Ladies' Detective Agency (2008)	Comedy, Crime, Drama	7.9
578	Gyakuten saiban (2012)	Comedy, Crime, Drama	6.6
579	Boo-dang-geo-rae (2010)	Action, Crime, Thriller	6.7
580	La maladie de Sachs (1999)	Drama	7.3
581	Shin-gi-jeon (2008)	Drama	6.2
582	Killer Holiday (2013)	Horror, Thriller	3.1
583	Good Night Good Morning (2012)	Drama, Romance	6.7
584	Los ilusionautas (2012)	Animation, Family, Fantasy	2.8
585	Experiment in Torture (2007)	Horror	2.3
586	Santa Claws (2014)	Horror	2.6
587	Matthew 18 (2014)	Thriller	3.6
588	Nel mio amore (2004)	Drama	5.9
589	Kamisama no karute 2 (2014)	Drama	6.8
590	Lost Girl (2013)	Short	8.3
591	Grave Encounters 2 (2013)	Horror	5.1
592	Boiler Room (2000)	NO DATA	3.4
593	One Piece Film Z (2012)	Action, Adventure, Animation	8
594	Girls Gone Dead (2012)	Crime, Drama, Mystery	7.2
595	Haunted (2014)	Horror	3.7
596	Aurora (2011)	Short	6
597	Dark Resurrection (2007)	Sci-Fi	5.6
598	Tin dei hung sam (1997)	Action, Comedy, Fantasy	4.7
599	Fearmakers (2008)	Horror	2.4
600	Shibatora (2008)	Drama	6.7
601	Turneja (2008)	Action, Adventure, Comedy	7.3
602	Bad Turn Worse (2014)	Crime, Drama, Thriller	5.5
603	Kruimeltje (1999)	Drama, Family	6.1
604	Hydra (2009)	Drama, Short	7.8
605	Ailiseu (2009)	Action, Mystery, Romance	8.1
606	Hai kikku gâru! (2009)	Action	4.9
607	Naar de klote! (1996)	Drama, Romance	5.5
608	Någon annanstans i Sverige (2011)	Comedy, Drama	4.9
609	La sangre y la lluvia (2010)	Drama	6.7
610	Jóhannes (2009)	Comedy	6
611	The Last Days of Disco (1998)	Comedy, Drama, Music	6.6
612	Knerten i knipe (2011)	Family	5.7
613	My Lady Boss (2013)	Comedy, Romance	6.4
614	11-11-11 (2011)	Horror, Mystery, Thriller	4
615	Lirkod (2006)	Action, Crime, Drama	5
616	"Beauty and the Beast" Patient X (2015)	NO DATA	NO DATA
617	Kakushi ken oni no tsume (2004)	Action, Drama, History	7.8
618	96 Minutes (2011)	Drama, Thriller	5.7
619	Sweet and Lowdown (2000)	Comedy, Drama, Music	7.3
620	The Demented (2013)	Horror	3.8
621	Inuyasha - Tenka hadou no ken (2003)	Action, Adventure, Animation	7.9
622	Murder-Set-Pieces (2008)	Horror	3.8
623	The Black Water Vampire (2014)	Horror, Mystery, Thriller	4.2
624	Severed Footage (2013)	Horror, Mystery, Thriller	4.8
625	Michael Saints (2010)	Comedy, Drama, Short	6.3
626	The Brothers Solomon (2007)	Comedy	5.3
627	Madhouse (2004)	Crime, Horror, Mystery	6.3
628	The Battle of Shaker Heights (2003)	Comedy, Drama, Romance	6.1
629	The Incredibly True Adventure of Two Girls in Love (1995)	Comedy, Drama, Romance	6.5
630	Scooby-Doo! Camp Scare (2010)	Adventure, Animation, Comedy	7.3
631	Crazy Bitches (2014)	Comedy, Horror	3.8
632	Living Proof (2008)	Comedy	7
633	The Good Witch's Charm (2012)	Drama, Family, Fantasy	7.1
634	American Pie Presents Beta House (2007)	Comedy	4.2
635	"Tyrant" Zanjir (2015)	NO DATA	NO DATA
636	The DUFF (2015)	Comedy, Romance	6.5
637	See No Evil 2 (2014)	Horror	4.8
638	Hooligans (2005)	NO DATA	6.2
639	Nina's Heavenly Delights (2006)	Comedy	6.4
640	Eternal Sunshine of the Spotless Mind (2004)	Drama, Romance, Sci-Fi	8.3
641	Silver Linings Playbook (2012)	Comedy, Drama, Romance	7.8
642	Little Miss Sunshine (2006)	Comedy, Drama	7.8
643	Sex Tape (2014)	Comedy, Romance	5.1
644	Shrek Forever After (2010)	Adventure, Animation, Comedy	6.3
645	Wreck-It Ralph (2012)	Adventure, Animation, Comedy	7.7
646	Män som hatar kvinnor (2009)	Drama, Mystery, Thriller	7.8
647	The Kings of Summer (2013)	Adventure, Comedy, Drama	7.2
648	Live Free or Die Hard (2007)	Action, Adventure, Thriller	7.2
649	Zombieland (2009)	Adventure, Comedy, Horror	7.7
650	Stepmom (1998)	Comedy, Drama	6.7
651	The Expendables 3 (2014)	Action, Adventure, Thriller	6.1
652	Horton Hears a Who! (2008)	Animation, Family, Short	7.5
653	Rio (2011)	Crime, Drama	6.6
654	Freaky Friday (2003)	Comedy, Family, Fantasy	6.3
655	Zoom (2006)	Family	7.8
656	Happy, Texas (1999)	NO DATA	NO DATA
657	Scream 2 (1997)	Horror, Mystery	6.1
658	For Richer or Poorer (1997)	Comedy	5.7
659	RED 2 (2013)	Action, Comedy, Crime	6.7
660	The House Bunny (2008)	Comedy, Romance	5.5
661	Exam (2010)	Short	7.8
662	The Trotsky (2009)	Comedy, Drama	6.8
663	Love Comes Softly (2003)	Drama, Family, Romance	7.5
664	Chain of Fools (2000)	Comedy, Crime	6.1
665	A Dog's Breakfast (2007)	Comedy	7
666	The Brave One (2007)	Drama, Family	6.8
667	The Magical Legend of the Leprechauns (1999)	Adventure, Comedy, Family	7.1
668	uwantme2killhim? (2015)	Drama, Thriller	6.3
669	Soof (2013)	Comedy, Romance	6.6
670	Ladrón que roba a ladrón (2007)	Comedy, Musical, Western	NO DATA
671	Susan's Plan (1999)	Comedy, Crime, Thriller	5.3
672	HairBrained (2013)	Comedy	5.4
673	Chariot (2013)	Drama, Thriller	5.1
674	Think Like a Man Too (2014)	Comedy, Romance	5.8
675	Dragonquest (2009)	Action, Adventure, Fantasy	3.1
676	Small Town Saturday Night (2010)	Drama	5.4
677	What Happens in Vegas (2008)	Comedy, Short	7
678	Separation City (2009)	Comedy, Drama, Romance	5.8
679	Tin shui wai dik yat yu ye (2008)	Drama	7.5
680	Patch Adams (1998)	Biography, Comedy, Drama	6.7
681	Violet Tendencies (2010)	Comedy, Drama, Romance	6.2
682	The Brass Teapot (2013)	Short, Thriller	7.8
683	Four Rooms (1995)	Comedy	6.8
684	Passing Glory (1999)	Drama, Sport	6.5
685	Sky Force 3D (2012)	Animation	3.3
686	Santa Hunters (2014)	Comedy, Family	5
687	Flickan som lekte med elden (2009)	Crime, Drama, Mystery	7.2
688	Du soleil pour les gueux (2001)	Drama	7.1
689	XIX Winter Olympics Opening Ceremony (2002)	Sport	6.7
690	Rocky Balboa (2006)	Drama, Sport	7.2
691	Lessons in Love (2013)	Comedy, Romance	NO DATA
692	"Dark Matter" Episode #1.3 (2015)	NO DATA	NO DATA
693	Fright Night 2 (2013)	Horror, Thriller	4.3
694	Chimpanzee (2012)	Documentary	7.2
695	Elvis and Anabelle (2008)	Drama, Romance	7.3
696	Max Manus (2008)	Action, Biography, Drama	7.3
697	Jersey Girl (2004)	Comedy, Drama, Romance	6.1
698	No se aceptan devoluciones (2013)	Comedy, Drama	7.6
699	Elvis (2005)	Biography, Drama, Music	7.1
700	Foster (2012)	Drama, Short	7.5
701	The Whole Ten Yards (2004)	Comedy, Crime, Thriller	5.5
702	The Majestic (2001)	Drama, Romance	6.9
703	Rampage (2010)	Adventure, Romance	5.7
704	Brother to Brother (2004)	Drama	7
705	Removal (2010)	History	8.4
706	Welcome to Collinwood (2002)	Comedy, Crime	6.4
707	All of My Heart (2015)	Comedy, Family, Romance	6.9
708	Life of Crime (2014)	Comedy, Family	7.9
709	1732 Høtten (1998)	Thriller	6
710	Nasty Old People (2009)	Drama	6.8
711	Fei chang xing yun (2013)	Action, Adventure, Comedy	5.1
712	Australia (2008)	Drama	6.2
713	Hoovey (2015)	Drama	5.6
714	Clay Pigeons (1998)	Comedy, Crime	6.6
715	Broken Roads (2012)	Drama	4.5
716	Shrek the Halls (2007)	Adventure, Animation, Comedy	6.5
717	Lovely Molly (2012)	Drama, Horror	5.3
718	Return to House on Haunted Hill (2007)	Horror	4.6
719	A Thousand Words (2012)	Comedy, Drama, Short	3.5
720	"Masters of Sex" Episode #3.7 (2015)	NO DATA	NO DATA
721	"Masters of Sex" Two Scents (2015)	NO DATA	NO DATA
722	Eliza Graves (2014)	Drama, Horror, Mystery	6.8
723	Frequently Asked Questions About Time Travel (2009)	Comedy, Sci-Fi	7.1
724	Double Take (2001)	Drama	5
725	Multiplicity (1996)	Comedy, Romance, Sci-Fi	6
726	Good Vibrations (2013)	Adult	NO DATA
727	Still Mine (2013)	Drama	7.4
728	Tower of Terror (1997)	Thriller	5.9
729	Go Figure (2005)	Comedy, Drama, Family	5.9
730	The Rocket (2013)	NO DATA	NO DATA
731	Half Baked (1998)	Comedy, Crime	6.7
732	Women in Trouble (2011)	Adult, Comedy, Thriller	6.4
733	Lost Junction (2003)	Drama, Romance, Thriller	5.6
734	Gaz Bar Blues (2005)	Comedy, Drama	7.4
735	Barbie in the Pink Shoes (2013)	Animation, Family	5.6
736	Slackers (2002)	Comedy, Romance	5.3
737	Jailbait (2000)	Action, Crime, Drama	2.9
738	Kurt blir grusom (2009)	Animation, Comedy, Family	6.3
739	Shut Up and Sing (2009)	Comedy, Drama, Music	5.8
740	Nina Frisk (2007)	Comedy	5
741	Fatwa (2006)	Drama, Thriller	4.1
742	Mer eller mindre mann (2012)	Comedy, Drama	5.9
743	Svalan, katten, rosen, döden (2006)	NO DATA	NO DATA
744	The Hit List (2011)	Action, Thriller	6.1
745	Labou (2009)	Family	4.9
746	Mother and Child (2010)	Mystery	NO DATA
747	Brasília 18% (2006)	Drama	5.1
748	Xin tiang sheng yi dui (2012)	NO DATA	NO DATA
749	Manuela y Manuel (2007)	Comedy, Drama	6.3
750	Sharknado (2013)	Action, Adventure, Comedy	3.3
751	Daehanminguk heonbeob je 1jo (2003)	Comedy, Drama	5.7
752	Coffee House (2010)	NO DATA	NO DATA
753	The Pretender (2005)	Comedy, Western	NO DATA
754	"Mistresses" Guilt by Association (2015)	NO DATA	NO DATA
755	Secret Asian Man (2015)	Short	NO DATA
756	Das ewige Leben (2015)	Comedy, Crime, Thriller	7.2
757	New Kids Nitro (2011)	Action, Comedy	6
758	The Trigger Effect (1996)	Drama, Thriller	5.7
759	Mrs. Brown's Boys D'Movie (2014)	Comedy	4.3
760	Soul Surfer (2011)	Biography, Drama, Family	7.1
761	Pelísky (1999)	Comedy, Drama	8.4
762	The Ringer (2005)	Crime, Drama	NO DATA
763	Zone of the Dead (2010)	Action, Horror	4
764	Sommaren med Göran (2009)	Comedy	5.3
765	Nightmare Man (2006)	Thriller	5.2
766	Dead Air (2009)	Thriller	5.2
767	Not Easily Broken (2009)	Drama, Romance	6.1
768	Aanmodderfakker (2014)	Comedy, Romance	6.8
769	Bigger Stronger Faster* (2008)	Documentary, Sport	7.6
770	Two Weeks (2006)	Comedy, Drama, Romance	NO DATA
771	Christmas in Wonderland (2007)	Comedy, Crime, Family	4.9
772	Den som dræber (2011)	Action, Crime, Thriller	7.2
773	Bra Boys (2007)	Documentary, Sport	6.2
774	Systemfehler - Wenn Inge tanzt (2013)	Comedy, Music	6.3
775	Valentino (2013)	Biography, Drama, Romance	5.8
776	Bitch Slap (2009)	Action, Comedy, Crime	4.5
777	A Dog of Flanders (1999)	Drama	6.6
778	Special When Lit (2009)	Documentary	6.9
779	Machined Reborn (2009)	Horror	3.6
780	Hoi sam mo fa (2011)	Action, Comedy, Fantasy	4.8
781	Aftermath (2013)	Drama	NO DATA
782	Back to the Jurassic (2015)	Animation	5
783	Swchwrm (2012)	Family	6.2
784	Altitude (2010)	Documentary	6.7
785	Double Dragon (1996)	Action, Adventure, Comedy	3.7
786	The Mourning (2015)	Reality-TV	NO DATA
787	Les amants criminels (1999)	Crime, Drama, Thriller	6.6
788	Ashes to Ashes (2008)	Crime, Drama, Mystery	7.6
789	Waterloo Road (2006)	Drama, Romance, War	6.7
790	Merry Madagascar (2009)	Adventure, Animation, Comedy	6.8
791	Bangkok Dangerous (2000)	Action, Crime, Romance	6.6
792	Pretty Persuasion (2006)	Comedy, Drama	6.6
793	Boh lei chun (1999)	Action, Comedy, Romance	6.1
794	Rembrandt (2003)	Biography, Drama	7.2
795	The Gabby Douglas Story (2014)	Biography, Drama, Sport	7.1
796	A Royal Christmas (2014)	Comedy, Family, Romance	6.6
797	Jurassic City (2015)	NO DATA	NO DATA
798	Barney's Version (2011)	Comedy, Drama	7.3
799	Ashes (2014)	Drama, Short	NO DATA
800	The Note (2007)	Drama, Romance	7.1
801	Under the Mountain (2009)	Family, Sci-Fi, Thriller	8.4
802	Inside Out (2011)	Comedy, Crime, Thriller	5.9
803	The Story of Us (1999)	Comedy, Drama, Romance	5.9
804	The Little Rascals Save the Day (2014)	Comedy, Family	5.2
805	Born to Love You (2012)	Comedy, Horror, Western	NO DATA
806	Costa Rican Summer (2010)	Comedy	2.7
807	On Strike for Christmas (2010)	Comedy, Drama	5.3
808	The Boy in the Dress (2014)	Comedy, Drama, Family	6.5
809	Oxygen (1999)	Crime, Drama, Thriller	6.1
810	Burning Man (2011)	Short	8
811	The Baker (2008)	Comedy	NO DATA
812	Feng sheng (2009)	Crime, Drama, Thriller	7.4
813	Cracked (2008)	Adult	NO DATA
814	Episode Five (2015)	Adventure	NO DATA
815	Da lui toi (2010)	Action, Sci-Fi	5.1
816	A Day Late and a Dollar Short (2014)	Drama	7.1
817	Chalk (2007)	NO DATA	7.3
818	Mong bat liu (2003)	Drama	7.3
819	Mr. Troop Mom (2009)	Comedy, Family	4.5
820	Aram (2002)	Short	6.8
821	"Switched at Birth" To Repel Ghosts (2015)	NO DATA	NO DATA
822	Onset (2015)	Crime, Drama, Thriller	8.4
823	The Gambler (2014)	Drama	NO DATA
824	Adult World (2014)	Comedy, Drama	6.2
825	Lying to Be Perfect (2010)	Comedy, Drama, Romance	6
826	So You Said Yes (2015)	Comedy, Drama	6.3
827	Scooby-Doo! Mecha Mutt Menace (2013)	Animation, Family, Mystery	6.7
828	Perfect Stranger (2007)	Adult	NO DATA
829	The Grim Sleeper (2014)	Biography, Drama, Thriller	5.3
830	The Dark Knight (2008)	Action, Crime, Thriller	9
831	The Expendables (2010)	NO DATA	8.3
832	Con Air (1997)	Action, Crime, Thriller	6.8
833	Your Highness (2011)	Adventure, Comedy, Fantasy	5.5
834	Batman & Robin (1997)	Action, Sci-Fi	3.7
835	Shrek 2 (2004)	Adventure, Animation, Comedy	7.2
836	Furious 6 (2013)	Action, Crime, Thriller	7.1
837	Bridge to Terabithia (2007)	Drama, Family, Fantasy	6.1
838	Appurushîdo (2004)	Action, Animation, Crime	6.4
839	Half Past Dead (2002)	Action, Crime, Thriller	4.6
840	Replicant (2001)	Action, Sci-Fi, Thriller	5.4
841	Sniper 2 (2008)	Action, War	5.2
842	Shadow Conspiracy (1997)	Action, Thriller	4.9
843	In Enemy Hands (2005)	Action, Drama, Thriller	6
844	Mercenary for Justice (2006)	Action, Drama, Thriller	4.2
845	Apocalypse Pompeii (2014)	Action, Adventure	2.4
846	A Better Way to Die (2001)	Action, Comedy, Crime	5.7
847	Kôrei (2001)	Drama, Horror, Thriller	6.7
848	Cleopatra 2525 (2000)	Action, Fantasy, Sci-Fi	6
849	Last Stand at Saber River (1997)	Action, Drama, Western	7
850	Astrópía (2007)	Comedy, Fantasy	6.5
851	G-Force (2009)	Action, Adventure, Animation	5.1
852	Legends of the Fall (1995)	Drama, Romance, War	7.5
853	Two Men Went to War (2002)	Comedy, Drama, War	6.7
854	Rupan sansei (2014)	Action, Adventure, Animation	7
855	Angel of the Skies (2013)	War	4
856	Weekend (2011)	News	8.9
857	Vildspor (1998)	Drama	6.5
858	The Blackout (2013)	Drama, Mystery, Thriller	5.4
859	Frisson des collines (2011)	Drama, Romance	6.7
860	À Beira do Caminho (2012)	Drama	6.9
861	The Time Tunnel (2006)	Action, Adventure, Sci-Fi	7.6
862	My Best Bodyguard (2010)	Action, Adventure	4.3
863	Frog River (2002)	Comedy	7.1
864	American Home 2005 (2005)	Family	NO DATA
865	Farscape (1999)	Adventure, Drama, Sci-Fi	8.3
866	Trapped (2002)	Animation, Comedy, Short	6.1
867	Baby Geniuses (1999)	Comedy, Crime, Family	2.6
868	Sahara (2005)	Adventure	NO DATA
869	The Family Stone (2005)	Comedy, Drama, Romance	6.3
870	Dying Breed (2008)	Crime, Drama	NO DATA
871	Streets of Blood (2009)	Action, Crime, Drama	4.4
872	A Dangerous Man (2010)	Action, Crime, Thriller	5.1
873	Room 6 (2006)	Horror, Mystery, Thriller	4.2
874	Flight of Fury (2007)	Action, Thriller	3.6
875	Klassefesten (2011)	Comedy	5.9
876	Der Totmacher (1995)	Crime, Drama	7.7
877	Scooby-Doo in Where's My Mummy? (2006)	Adventure, Animation, Comedy	6.7
878	Shell (2013)	Short	NO DATA
879	Silent Venom (2009)	Action, Horror, Sci-Fi	3.2
880	Art Heist (2004)	Action, Crime, Thriller	4.3
881	Striking Range (2006)	Action, Thriller	4.1
882	Ba'al (2008)	Drama, Fantasy, Horror	3.7
883	The Playroom (2013)	Short	7.3
884	Thru the Moebius Strip (2005)	Adventure, Animation, Sci-Fi	5.3
885	The Whale (2013)	Drama	6.5
886	Den tatuerade änkan (1998)	Drama	7
887	Farscape Undressed (2001)	Documentary	8.5
888	Kaze no jûtan (2003)	Drama, Family	7
889	Dance Me to My Song (1998)	Drama, Romance	7.2
890	Clash of the Cave Men (2008)	Documentary	7.2
891	"Under the Dome" Love Is a Battlefield (2015)	NO DATA	NO DATA
892	The Future (2015)	Reality-TV	NO DATA
893	Kaze no katami (1996)	NO DATA	NO DATA
894	Muppet Treasure Island (1996)	Action, Adventure, Comedy	6.9
895	Treasure Planet (2002)	Adventure, Animation, Family	7.1
896	Cookie's Fortune (1999)	Comedy, Drama	6.9
897	Alpha and Omega (2010)	Adventure, Animation, Comedy	5.3
898	Jerry Maguire (1996)	Comedy, Drama, Romance	7.3
899	Switchback (1997)	Crime, Mystery, Thriller	6.4
900	Secondhand Lions (2003)	Comedy, Drama, Family	7.6
901	The Assignment (1997)	Action, Crime, Thriller	6.9
902	The Triangle (2005)	Horror, Thriller	4.8
903	Heavy Metal 2000 (2000)	Action, Adventure, Animation	5.4
904	The Haunted World of El Superbeasto (2009)	Action, Animation, Comedy	6
905	Driven to Kill (2009)	Action, Thriller	4.2
906	Halo Legends (2010)	Action, Animation, Sci-Fi	6.7
907	Lassie (2005)	Adventure, Drama, Family	6.7
908	Scooby-Doo and the Cyber Chase (2001)	Action, Adventure, Animation	7
909	Die Nacht der lebenden Loser (2004)	Comedy, Horror	5.7
910	Air Buddies (2006)	Adventure, Comedy, Family	5
911	Dead Meat (2004)	Comedy, Drama, Fantasy	4.2
912	While You Were Sleeping (1995)	Comedy, Drama, Romance	6.7
913	Dead Meat (2005)	Comedy, Drama, Fantasy	4.2
914	Fuga (2006)	Short	NO DATA
915	Scooby-Doo! Music of the Vampire (2011)	Adventure, Animation, Comedy	6.6
916	Salsa (2000)	Music, Romance	4.9
917	Najsul (2009)	NO DATA	NO DATA
918	Misfire (2015)	Drama	NO DATA
919	Cinco Dias, Cinco Noites (1996)	NO DATA	NO DATA
920	Madso's War (2010)	Action, Crime, Drama	3.8
921	Ma mha 4 khaa khrap (2007)	Comedy, Family	6.8
922	Urbania (2001)	Drama	7
923	Game of Your Life (2011)	Action, Comedy, Family	5.8
924	Deck the Halls (2006)	Documentary, Short	4.4
925	Did You Hear About the Morgans? (2009)	Comedy, Drama, Romance	4.8
926	An Unfinished Life (2005)	Drama, Romance	7
927	Boa vs. Python (2004)	Action, Horror, Sci-Fi	2.8
928	On the Set with 'Secondhand Lions' (2004)	Documentary, Short	8.9
929	Vorstadtkrokodile 2 (2010)	Adventure, Family	5.7
930	McHale's Navy (1997)	Comedy, War	7.5
931	Episode 8 (2015)	Comedy, Drama, Romance	NO DATA
932	Gracie's Choice (2004)	Drama	7.7
933	While You Were Smothered (2001)	NO DATA	NO DATA
934	"Trailer Park Boys" Money Can Suck My Cock (2014)	NO DATA	NO DATA
935	Unaccompanied Minors (2006)	Adventure, Comedy, Family	5.1
936	Altered (2007)	Horror, Sci-Fi, Thriller	5.7
937	The Last Time (2007)	Short	6.6
938	Beautiful People (1999)	Comedy, Drama, War	6.7
939	Wolves of Wall Street (2002)	Action, Horror, Mystery	2.6
940	Semen, una historia de amor (2005)	NO DATA	NO DATA
941	Les vacances de Ducobu (2012)	Comedy, Family	4.2
942	Beautiful Bounty (2001)	Action, Drama	3.7
943	6 Years (2015)	Drama, Romance	5.6
944	She's Funny That Way (2015)	Comedy	6.1
945	Senior Skip Day (2008)	Comedy	4.9
946	Bye Bye Blondie (2012)	Comedy, Drama	5.1
947	The Early Shift (2015)	Comedy	7.3
948	Stay (2007)	Drama, Mystery, Thriller	6.9
949	P.S. I Love You (2007)	Drama, Romance	7.5
950	Please Kill Mr. Know It All (2013)	Comedy, Crime, Romance	4.6
951	Sleeping Dogs Lie (2007)	Drama	5.7
952	L'élève Ducobu (2011)	Comedy	4.6
953	Hideaway (1995)	Comedy	5.4
954	After Fall, Winter (2012)	NO DATA	NO DATA
955	Dry Spell (2013)	Drama, Short	NO DATA
956	Celebrity (1998)	NO DATA	7.6
957	Fíaskó (2000)	Comedy	2.8
958	The Prestige (2006)	Drama, Mystery, Sci-Fi	8.5
959	The Hangover Part III (2013)	Comedy, Crime	5.9
960	The Hitchhiker's Guide to the Galaxy (2005)	Adventure, Comedy, Sci-Fi	8.1
961	Hitch (2005)	Short	5.7
962	Killer Elite (2011)	Action, Crime, History	6.5
963	Rango (2011)	Comedy, Western	7
964	The Frighteners (1996)	Comedy, Fantasy, Horror	7.1
965	Payback (1999)	Action, Comedy, Crime	4.6
966	Paddington (2015)	Animation, Family	7.1
967	The Best of Me (2014)	Drama, Romance	6.7
968	The Hottie & the Nottie (2008)	Comedy, Romance	1.9
969	Unthinkable (2010)	Adult	7.4
970	Breaking and Entering (2006)	Short	4.8
971	Norbit (2007)	Comedy, Romance	4
972	That's So Raven (2003)	Comedy, Family, Fantasy	6.5
973	Hoodwinked! (2006)	Action, Animation, Comedy	6.5
974	Rang zi dan fei (2010)	Action, Comedy, Western	7.4
975	Soldiers of Fortune (2012)	Drama	NO DATA
976	Fierce People (2006)	Drama, Thriller	6.6
977	After School Special (2006)	Comedy	4.8
978	Music Within (2007)	Biography, Comedy, Drama	7.4
979	RKO 281 (1999)	Biography, Drama	7.1
980	Trojan War (1997)	Comedy	5.7
981	Nothing But the Truth (2009)	Comedy	6.6
982	Wang-ui namja (2005)	Drama, History	7.5
983	Torsk på Tallinn - En liten film om ensamhet (1999)	Comedy, Drama	8
984	Saving Grace (2007)	Comedy, Drama	7
985	Goodbye Lover (1999)	Comedy, Crime, Mystery	5.7
986	Hansel & Gretel Get Baked (2013)	Comedy, Horror	4.3
987	Darling Companion (2012)	Comedy, Drama, Romance	5.1
988	Xchange (2003)	Sci-Fi, Thriller	5.6
989	Beverly Hills Chihuahua 2 (2011)	Adventure, Comedy, Family	4.4
990	The Encounter (2011)	Short	6.9
991	Tummien perhosten koti (2008)	Drama	6.9
992	Rasen (1998)	Drama, Fantasy, Horror	5.3
993	Tooth Fairy 2 (2012)	Comedy, Family	3.9
994	Inuyasha - Toki wo Koeru Omoi (2005)	Action, Adventure, Animation	7.5
995	9 Dead Gay Guys (2003)	Comedy, Crime	6.3
996	Crush (2009)	Drama	5.9
997	Boku no hatsukoi wo kimi ni sasagu (2009)	Drama, Romance	7.3
998	Der Wald vor lauter Bäumen (2005)	Drama	7.3
999	Lidice (2011)	Drama, History, War	6.9
1000	The Collapsed (2011)	Drama, Horror, Sci-Fi	3.6
1001	Hunky Dory (2012)	Drama	NO DATA
1002	Running on Empty Dreams (2009)	Drama, Romance	4.6
1003	The Butcher (2009)	Horror, Thriller	3.7
1004	Particles of Truth (2003)	Drama	6.9
1005	Cam2Cam (2014)	Short, Thriller	6.7
1006	Dark Moon Rising (2009)	Crime, Horror, Romance	4
1007	Samâ uôzu (2009)	Action, Animation, Comedy	7.6
1008	Vampire in Brooklyn (1995)	Comedy, Fantasy, Horror	4.5
1009	Must Love Death (2009)	Comedy, Horror, Romance	4.4
1010	Deadly Species (2003)	Adventure, Horror, Sci-Fi	3.4
1011	Pistoleros (2007)	Action, Comedy, Western	5.5
1012	Dark Haul (2014)	Horror	3.7
1013	Severed (2002)	Horror	1.7
1014	Shaberedomo shaberedomo (2007)	Comedy, Drama	7
1015	The Hunger Artist (2002)	NO DATA	7
1016	Cinta Kura Kura (2012)	Comedy, Romance	6.7
1017	What Doesn't Kill You (2009)	Crime, Drama	6.6
1018	The Odd Couple II (1998)	Adventure, Comedy	6.4
1019	Annapolis (2006)	Comedy, Drama	8.2
1020	The Invincible Iron Man (2007)	Action, Adventure, Animation	6
1021	Pauly Shore Is Dead (2003)	Comedy	4.5
1022	The House of Magic (2013)	Adventure, Animation, Comedy	6.3
1023	Manorama Six Feet Under (2007)	Crime, Drama, Mystery	7.8
1024	It's a Very Merry Muppet Christmas Movie (2002)	Adventure, Comedy, Family	6.5
1025	Minä ja Morrison (2002)	Crime, Romance	4.9
1026	Hyenas (2011)	Horror	2.8
1027	AfterThought (2013)	Short	NO DATA
1028	Andreaskorset (2004)	Comedy, Romance, Thriller	5.6
1029	Aberration (2007)	Horror, Sci-Fi	4.7
1030	The Second Civil War (1997)	Comedy, Drama	6.8
1031	Afterlife (2005)	Animation, Short	7.4
1032	Bandwagon (1997)	Comedy, Music	7.2
1033	Polar Opposities (2008)	Action, Drama	2.2
1034	Batman Forever (1995)	Action, Adventure, Fantasy	5.4
1035	The Internship (2013)	Sci-Fi, Short	6.1
1036	A Christmas Carol (2009)	Drama, Fantasy, Short	6
1037	I Spit on Your Grave (2011)	Horror, Thriller	6.3
1038	The Man with the Iron Fists (2012)	Action	5.4
1039	Galaxy Quest (1999)	Adventure, Comedy, Sci-Fi	7.3
1040	Bride of Chucky (1998)	Comedy, Horror	5.4
1041	Sparks (2014)	Comedy	7.4
1042	Stander (2003)	Action, Biography, Crime	7.2
1043	Chek law dak gung (2002)	Action, Crime, Drama	5.6
1044	The Wind That Shakes the Barley (2006)	Drama, War	7.5
1045	Run Ronnie Run (2002)	Comedy	6.4
1046	Bullet (2014)	Action, Crime, Drama	6.6
1047	Semi-Pro (2008)	Comedy, Sport	5.8
1048	Sympathy for Delicious (2011)	Drama	5.7
1049	Out for Blood (2005)	Action	5.4
1050	The Warrior's Way (2010)	Action, Fantasy, Western	6.3
1051	In Pursuit of Honor (1995)	Drama, Western	7.4
1052	Kwik (2011)	Action, Comedy, Thriller	5.9
1053	Bug Buster (1998)	Comedy, Horror, Sci-Fi	3.6
1054	Road of No Return (2009)	Action, Drama	4.5
1055	Voy a explotar (2009)	Drama	6.5
1056	Clean Break (2008)	Drama, Thriller	4.3
1057	Future Weather (2012)	Drama	6.2
1058	Pound of Flesh (2010)	Crime, Drama	NO DATA
1059	Geuk-rak-do Sal-in-sa-geon (2007)	Mystery, Thriller	5.8
1060	Sakura hime (2013)	Adventure, Comedy, Drama	5.2
1061	I Sell the Dead (2008)	Comedy, Horror	6.1
1062	Wild Hogs (2007)	Action, Adventure, Comedy	5.9
1063	Heavy Weights (1995)	Comedy, Drama, Family	6.7
1064	Adventureland (2009)	Comedy, Drama, Romance	6.8
1065	Last Laugh '04 (2004)	Comedy	4.7
1066	G.B.F. (2014)	Comedy, Romance	6
1067	Phantom (2013)	Drama, Fantasy, Romance	7
1068	Tout ce que tu possèdes (2012)	Drama	6.5
1069	Nightmare 2 - Painajainen jatkuu (2014)	Horror	3.3
1070	Dead Silence (1997)	Thriller	5.7
1071	Ashita no Jô (2011)	Drama, Sport	6.6
1072	The Versace Murder (1998)	Crime, Drama	3.6
1073	Edge of Tomorrow (2014)	Action, Adventure, Sci-Fi	7.9
1074	The Royal Tenenbaums (2002)	Comedy, Drama	7.6
1075	Fantastic Four (2005)	Action, Adventure, Family	5.7
1076	Flushed Away (2006)	Adventure, Animation, Comedy	6.6
1077	Cars (2006)	Animation, Comedy, Family	7.1
1078	Ride Along (2014)	Comedy	NO DATA
1079	Gattaca (1997)	Drama, Sci-Fi, Thriller	7.8
1080	Scary Movie 2 (2001)	Comedy	5.3
1081	American Splendor (2003)	Biography, Comedy, Drama	7.5
1082	La haine (1995)	Crime, Drama	8.1
1083	This Must Be the Place (2011)	Comedy, Drama	6.7
1084	The Borrowers (1997)	Family, Fantasy	5.8
1085	Antz (1998)	Adventure, Animation, Comedy	6.6
1086	I'm Still Here (2010)	Comedy, Drama, Music	6.2
1087	The School of Rock (2003)	Comedy, Music	7.1
1088	Tower Heist (2011)	Action, Comedy, Crime	6.2
1089	Ten Inch Hero (2007)	Comedy, Drama, Romance	7.5
1090	The Invisible Woman (2014)	Comedy, Romance, Sci-Fi	6.2
1091	Retroactive (1997)	Action, Crime, Drama	6.3
1092	Gracie (2007)	Biography, Drama, Sport	6.2
1093	Secrets & Lies (1996)	Drama	8
1094	Man of the Year (2006)	Comedy, Romance	6
1095	Bewakoofiyaan (2014)	Comedy, Drama, Romance	5.5
1096	Humboldt County (2008)	Comedy, Drama	6.4
1097	In the Bleak Midwinter (1995)	Comedy	7.3
1098	ParaNorman (2012)	Adventure, Animation, Comedy	7
1099	Muck (2015)	Horror	2.6
1100	Grandma's Boy (2006)	Comedy, Family	7.1
1101	Blue Demon (2004)	Comedy, Horror, Sci-Fi	2.9
1102	Return of the Ghostbusters (2007)	Action, Comedy, Fantasy	5.5
1103	By Dawn's Early Light (2008)	Crime, Drama, Mystery	7.8
1104	3 Simoa (2012)	Comedy	6.4
1105	Aniol w Krakowie (2002)	Comedy	6
1106	They Came Together (2014)	Comedy, Romance	5.5
1107	Smicha Hashmalit Ushma Moshe (1995)	Drama	7.3
1108	Smiley Face (2008)	Comedy	5.8
1109	Cuban Fury (2014)	Comedy, Romance, Sport	6.2
1110	The Looney Tunes Show (2002)	Animation, Comedy, Family	7.8
1111	"Teenage Mutant Ninja Turtles" Turtles in Time (2015)	NO DATA	NO DATA
1112	Chase (2010)	Crime, Drama	7.1
1113	Scary Movie 3 (2003)	Comedy	5.5
1114	Cheaper by the Dozen 2 (2005)	Adventure, Comedy, Family	5.5
1115	Bottoms Up (2006)	Comedy, Drama, Musical	5.9
1116	The Class of 92 (2013)	NO DATA	NO DATA
1117	Seeking a Friend for the End of the World (2012)	Adventure, Comedy, Drama	6.7
1118	James Dean (2001)	Biography, Drama	6.3
1119	Love's Enduring Promise (2004)	Drama, Family, Western	7.3
1120	Jobs (2013)	Comedy	NO DATA
1121	Beer for My Horses (2008)	Action, Comedy, Crime	4.9
1122	Shredder (2003)	Comedy, Horror	4.6
1123	Bluestone 42 (2013)	Comedy, War	8
1124	Christmas Bounty (2013)	Action, Comedy	4.8
1125	Once in the Life (2000)	Crime, Drama	5.3
1126	Elf-Man (2012)	Comedy, Family, Fantasy	3.6
1127	Posljednja volja (2001)	Action, Comedy, Romance	5.4
1128	Desecrated (2015)	Action, Adventure, Drama	8
1129	12 Dog Days of Christmas (2014)	Family	5.1
1130	Gnomeo & Juliet (2011)	Animation, Comedy, Family	6
1131	Black or White (2015)	Action, Adventure, Crime	5.9
1132	Ne le dis à personne (2006)	Crime, Drama, Mystery	7.5
1133	Megan Is Missing (2011)	Drama, Horror, Thriller	4.8
1134	The Armstrong Lie (2013)	Biography, Documentary, Sport	7.3
1135	My First Mister (2001)	Comedy, Drama, Romance	7.2
1136	Tabloid (2011)	Comedy, Horror	6
1137	Strange Magic (2015)	Adult	NO DATA
1138	The People vs. George Lucas (2011)	Comedy, Documentary	6.7
1139	Velvet Goldmine (1998)	Drama, Music	7
1140	Omega Doom (1996)	Drama, Sci-Fi, Thriller	4.5
1141	Mom at Sixteen (2005)	Drama	6.9
1142	Aloha, Scooby-Doo! (2005)	NO DATA	NO DATA
1143	The Narrows (2008)	Documentary, Short	NO DATA
1144	Verlengd weekend (2005)	Comedy, Drama	6.6
1145	The Sacred (2012)	Horror	4.9
1146	L'albero delle pere (1998)	Drama	6.6
1147	Pixar's 20th Anniversary Special (2006)	Comedy	8.1
1148	A Haunted House 2 (2014)	Comedy, Fantasy	4.7
1149	Teen Beach 2 (2015)	Family, Musical	6.3
1150	Descendants (2015)	Comedy, Game-Show	7.4
1151	Palindromes (2005)	Comedy, Drama	6.8
1152	Rudderless (2015)	Comedy, Drama, Music	7.5
1153	The Newton Boys (1998)	Action, Crime, Drama	6
1154	Return to Halloweentown (2006)	Comedy, Family, Fantasy	5.8
1155	The Other Side of Heaven (2002)	Adventure, Biography, Drama	6.5
1156	Standing Up (2013)	Comedy	NO DATA
1157	Main Hoon Na (2004)	Action, Comedy, Crime	7
1158	Hwa-ryeo-han-hyoo-ga (2007)	Drama	7.1
1159	Keo-peul-jeu (2011)	Comedy, Romance	6.8
1160	Mo 6/5 pak ma tha phi (2013)	Comedy, Horror	5.1
1161	Freakonomics (2010)	Documentary	6.4
1162	Jeni, Juno (2005)	NO DATA	NO DATA
1163	RocketMan (1997)	Comedy, Family, Sci-Fi	5.9
1164	A Simple Wish (1997)	Comedy, Family, Fantasy	5.4
1165	"Melissa & Joey" Put a Ring on It (2015)	NO DATA	NO DATA
1166	The 10th Kingdom (2000)	Adventure, Comedy, Family	8.4
1167	Our Man in Tehran (2013)	Documentary, History	7.4
1168	Bordering on Bad Behavior (2014)	Action, Comedy, Drama	5.1
1169	Saheb Biwi Aur Gangster Returns (2013)	Action, Crime, Drama	6.9
1170	The Microchip (2011)	Action, Comedy	3.7
1171	Nousukausi (2003)	Comedy	6.8
1172	Dilwale Dulhania Le Jayenge (1995)	Comedy, Drama, Musical	8.2
1173	Avenging Angelo (2004)	Action, Comedy, Crime	5.2
1174	Kitne Door... Kitne Paas (2002)	Comedy, Romance	4.5
1175	Kyaa Super Kool Hain Hum (2012)	Comedy	5
1176	Love Bite (2012)	Horror, Short	4.7
1177	Devdas (2002)	Drama, Romance	6.3
1178	Dulhan Hum Le Jayenge (2000)	Comedy, Drama, Romance	5
1179	Youyou chouchou de zou le (2002)	Drama	7.3
1180	Naechureol siti (2003)	Action, Drama, Sci-Fi	5.8
1181	The Manson Family (2004)	Crime, Drama, History	5.5
1182	Scooby-Doo and the Alien Invaders (2000)	Adventure, Animation, Comedy	6.8
1183	Shoot on Sight (2008)	Comedy, Short	NO DATA
1184	Chameli (2003)	Drama	8.4
1185	Raju Chacha (2000)	Action, Comedy, Drama	5.1
1186	Ramana (2002)	Action, Drama	8.1
1187	Eui-roi-in (2011)	Crime, Mystery, Thriller	6.9
1188	100,000,000 Bon Jovi Fans Can't Be Wrong (2004)	NO DATA	NO DATA
1189	Hae-jeok, discowang doeda (2002)	NO DATA	NO DATA
1190	Hungama (2003)	NO DATA	7.2
1191	Slap Her, She's French! (2002)	NO DATA	NO DATA
1192	Ma part du gâteau (2011)	Comedy, Drama	5.8
1193	Amador (2010)	Drama	6.2
1194	Yoi ga sametara, uchi ni kaerô (2010)	NO DATA	NO DATA
1195	Lady Scarface (2007)	Comedy, Crime, Drama	5.8
1196	Ulralra siseuteojeu (2002)	NO DATA	4.8
1197	Medicine for Melancholy (2008)	Drama, Romance	6.7
1198	The Matrix (1999)	Action, Sci-Fi	8.7
1199	Django Unchained (2012)	Drama, Western	8.4
1200	Miss Congeniality (2000)	Action, Comedy, Crime	6.2
1201	Fargo (1996)	Western	7
1202	Disturbia (2007)	Drama, Mystery, Thriller	6.9
1203	The Lone Ranger (2013)	Western	7.1
1204	Bad Boys (1995)	Crime, Drama, Thriller	7.2
1205	Les rivières pourpres (2001)	Crime, Mystery, Thriller	6.9
1206	Urban Legend (1998)	Short	6.2
1207	Definitely, Maybe (2008)	NO DATA	NO DATA
1208	Moneyball (2011)	Biography, Drama, Sport	7.6
1209	Rampart (2012)	Action	7.5
1210	Temple Grandin (2010)	Biography, Drama	8.3
1211	Beauty Shop (2005)	Comedy	5.5
1212	New Kids Turbo (2010)	Action, Comedy	6.4
1213	Stuck (2009)	Comedy, Short	NO DATA
1214	Hak se wui (2005)	Crime, Drama, Thriller	7.1
1215	Frygtelig lykkelig (2008)	Drama, Mystery	6.9
1216	Virtuality (2009)	Short	NO DATA
1217	Cheung foh (1999)	Action, Crime, Drama	7.5
1218	Turn the River (2007)	Drama	6
1219	Order of Chaos (2010)	Thriller	4.8
1220	The Riverman (2004)	Biography, Crime, Drama	6
1221	Komornik (2005)	Drama	7
1222	Body Armour (2007)	Action	4.1
1223	Grudge Match (2013)	Game-Show	NO DATA
1224	After the Fall (2014)	Drama	7.1
1225	Kei tung bou deui - Tung pou (2009)	Action, Crime, Drama	6.2
1226	Love for Sale (2008)	Adult, Comedy	NO DATA
1227	Flutter (2014)	Short	4.8
1228	God's Country (2012)	Comedy, Drama, Western	5.5
1229	Eodiseonga nugungae museunili saengkimyeon teulrimeobshi natananda Hong Ban-jang (2004)	Comedy, Romance	6.3
1230	L'affaire Marcorelle (2000)	Drama, Fantasy, Thriller	6.6
1231	The Treasure Seekers (1998)	Action, Adventure	5.2
1232	Fighting Fish (2012)	Action, Adventure, Crime	3.7
1233	My Nhan Ke (2013)	NO DATA	NO DATA
1234	Het leven volgens Nino (2014)	Family	6.5
1235	20 Most Awesomely Bad Songs of 2004 (2004)	Documentary, Music	5.1
1236	Amoureuse (2011)	Comedy, Drama	5.7
1237	The 30 Second Guaranteed Foolproof Ancient Cantonese Method (2004)	Comedy, Short	5
1238	Faces of Love (2007)	Drama	NO DATA
1239	Se Dio vuole (2015)	Comedy	6.7
1240	"Defiance" Where the Apples Fell (2015)	NO DATA	NO DATA
1241	Gothika (2003)	Horror, Mystery, Thriller	5.8
1242	Movie 43 (2013)	Comedy, Romance	4.3
1243	Ghosts of Mississippi (1997)	Drama, History	6.7
1244	Redline (2010)	Action	4
1245	Wer (2014)	Action, Horror, Mystery	5.9
1246	Elefante blanco (2012)	NO DATA	NO DATA
1247	Down (2001)	Action, Horror, Mystery	4.5
1248	Kummeli kultakuume (1997)	Comedy	7.3
1249	Careful What You Wish For (2015)	NO DATA	NO DATA
1250	Walking Tall (2004)	Action, Crime, Drama	7
1251	Sakebi (2007)	Horror, Mystery, Thriller	6.4
1252	Studio Sex (2012)	Adult	NO DATA
1253	The Ungodly (2008)	Thriller	5.8
1254	Bug (2004)	Horror, Mystery, Sci-Fi	5.2
1255	Sadece Sen (2014)	Action, Drama, Romance	7.3
1256	For lung (2010)	Action, Crime, Mystery	6.2
1257	The Spring (2000)	Adventure	4.3
1258	Dirty Mind (2009)	Adult	NO DATA
1259	Il vento fa il suo giro (2007)	Drama	7.4
1260	Im Schatten (2010)	Crime, Drama	6.9
1261	Perfect Life (2010)	Horror, Thriller	4.3
1262	1 (2009)	Documentary	5.4
1263	Harrigan (2013)	Music, Short	NO DATA
1264	La demora (2012)	Drama	7.2
1265	Fonzy (2013)	Comedy	5
1266	A Man Apart (2003)	Action, Crime, Drama	6.1
1267	La plaga (2013)	Comedy, Romance	NO DATA
1268	Triumph in the Skies (2015)	NO DATA	NO DATA
1269	B gai waak (1998)	Action	6
1270	Die Fälscher (2007)	Crime, Drama, War	7.6
1271	Dark City (1998)	Crime, Drama, Film-Noir	6.8
1272	Héroes de otra patria (1998)	Drama, War	6.7
1273	Meltdown (2001)	Adult	5.7
1274	Strangerland (2015)	Drama, Mystery, Thriller	5.2
1275	Mickey Blue Eyes (1999)	Comedy, Crime, Romance	5.8
1276	Bulletproof (1996)	Action	5.1
1277	The Whistleblower (2011)	Action, Biography, Crime	7.2
1278	Scary Movie (2000)	Comedy, Horror	4.9
1279	House of D (2005)	Comedy, Drama	7
1280	New York (2009)	Drama	NO DATA
1281	Out of the Furnace (2013)	Crime, Drama, Thriller	6.8
1282	Hearat Shulayim (2011)	Comedy, Drama	7.1
1283	Sling Blade (1997)	Drama	8
1284	Enemies Closer (2013)	Action, Crime, Drama	8.3
1285	Lisbela e o Prisioneiro (2003)	Comedy, Romance	7.5
1286	Les neiges du Kilimandjaro (2011)	Drama	7.2
1287	American Gun (2005)	Drama	6.3
1288	Doctor Sleep (2004)	Crime, Horror, Mystery	6.2
1289	L'ivresse du pouvoir (2006)	Drama	6.4
1290	The Cell 2 (2009)	Horror, Sci-Fi, Thriller	2.9
1291	Alyce (2013)	Adult	NO DATA
1292	Falling Up (2010)	Comedy, Drama, Fantasy	7.6
1293	The War Boys (2009)	Crime, Drama, Romance	6.7
1294	Klassikko (2001)	Comedy, Drama	6.9
1295	Bou ying (2011)	Crime, Thriller	5.9
1296	Freedom Writers (2007)	Biography, Crime, Drama	7.5
1297	Avant l'aube (2011)	Drama, Thriller	6.4
1298	Suspension of Disbelief (2013)	NO DATA	NO DATA
1299	Vermist (2007)	Action, Crime, Drama	7.2
1300	Down Time (2003)	Crime, Drama	2.2
1301	Blood in the Mobile (2011)	Documentary	7.2
1302	After the Waterfall (2010)	Drama	5.6
1303	The Zombinator (2012)	Horror	2.4
1304	The Brussels Business (2012)	Documentary, History	6.9
1305	Sima Vaknin Machshefa (2003)	Comedy, Fantasy	6.1
1306	Plutôt d'accord (2004)	Comedy, Romance, Short	7
1307	Men, Money & Gold Diggers (2014)	NO DATA	NO DATA
1308	Falszerze. Powrót sfory (2007)	Crime	7.1
1309	Bulletproof (2006)	Action	5.1
1310	Counterfeiters (2002)	Drama, Short	NO DATA
1311	Schließ die Augen und atme nicht (2006)	Animation, Short	6
1312	Ultimate Avengers II (2006)	Action, Adventure, Animation	6.7
1313	The Perfect Holiday (2007)	Comedy, Family, Fantasy	4.4
1314	Compliance (2012)	Biography, Crime, Drama	6.4
1315	Murder at 1600 (1997)	Action, Crime, Drama	6.1
1316	Art School Confidential (2006)	Comedy, Drama	6.3
1317	101 Reykjavík (2000)	Comedy, Romance	6.9
1318	Kumiko, the Treasure Hunter (2015)	NO DATA	NO DATA
1319	Kyss mig (2011)	Drama, Romance	6.9
1320	Shaitan (2011)	Action, Crime, Drama	7.3
1321	The 4th Floor (2000)	Horror, Mystery, Thriller	5.7
1322	Last Dance (1996)	Thriller	5.8
1323	The Appearing (2014)	Horror, Mystery, Thriller	3
1324	Tutta colpa di Giuda (2009)	Comedy, Musical	6.1
1325	Sen Kimsin? (2012)	Comedy, Crime	5.1
1326	Side Effects (2005)	Drama	5.6
1327	Delirious (2007)	Comedy, Fantasy	5.8
1328	El juego de la verdad (2004)	Drama	5.9
1329	The Making of 'An Inconvenient Truth' (2006)	Documentary, Short	5
1330	Sexo, mentiras y muertos (2011)	NO DATA	NO DATA
1331	"Boy Meets World" It's Not You... It's Me (1997)	NO DATA	NO DATA
1332	The Heat (2013)	Action, Adventure, Comedy	6.8
1333	Happy Feet (2006)	Adventure, Animation, Comedy	6.5
1334	EuroTrip (2004)	Comedy	6.6
1335	I Am Number Four (2011)	Action, Adventure, Sci-Fi	6.1
1336	After the Sunset (2004)	Action, Comedy, Crime	6.3
1337	Enchanted (2007)	Adult	6.7
1338	Jack and Jill (2011)	Western	NO DATA
1339	Body of Lies (2008)	Action, Drama, Romance	7.1
1340	Chicago (2003)	Comedy, Crime, Drama	7.3
1341	2 States (2014)	Comedy, Drama, Romance	6.9
1342	Buried (2010)	NO DATA	NO DATA
1343	Rio 2 (2014)	Adventure, Animation, Comedy	6.3
1344	8 Mile (2002)	Drama, Music	7.1
1345	Prayers for Bobby (2009)	Biography, Drama, Romance	8.1
1346	Sex and Death 101 (2008)	Comedy, Drama, Romance	6
1347	The Next Best Thing (2000)	Comedy, Drama, Romance	4.7
1348	Bed of Roses (1996)	Comedy, Drama, Romance	6.5
1349	Going Postal (2010)	Adventure, Comedy, Short	5.3
1350	Swingers (1997)	Comedy, Drama	7.3
1351	La science des rêves (2006)	Comedy, Drama, Fantasy	7.3
1352	Je vous trouve très beau (2006)	Comedy, Romance	6.7
1353	Decoding Annie Parker (2014)	Drama	6.3
1354	No sos vos, soy yo (2004)	NO DATA	NO DATA
1355	The Bounty Hunter (2010)	Western	6.6
1356	The Rite (2011)	Short	NO DATA
1357	Unicorn City (2012)	Comedy, Romance	5.7
1358	Gyeolhoneun michinjishida (2002)	Drama, Romance	7.2
1359	The Heartbreak Kid (2007)	Comedy, Drama, Romance	6.9
1360	La vita che vorrei (2004)	Drama, Romance	6.7
1361	AmericanEast (2008)	Drama	6.4
1362	Blue Valentine (2011)	Drama, Romance	7.4
1363	Bashment (2011)	Comedy	NO DATA
1364	The One (2001)	NO DATA	NO DATA
1365	My Cactus Heart (2012)	Comedy, Romance	6.6
1366	Mindhunters (2005)	Crime, Horror, Mystery	6.4
1367	Vettaiyaadu Vilaiyaadu (2006)	Action, Crime, Thriller	8
1368	Starting Out in the Evening (2007)	Drama, Romance	7
1369	Will & Grace (1998)	Comedy, Romance	7.2
1370	Kangaroo Jack (2003)	Action, Adventure, Comedy	4.4
1371	Lesbian Vampire Killers (2009)	Action, Comedy, Fantasy	5.2
1372	Big Ass She-Male Road Trip 12 (2006)	Adult	6.1
1373	American Teen (2008)	Documentary	6.5
1374	Sleuth (2007)	Mystery, Thriller	8.1
1375	Cursed (2005)	Horror	4.6
1376	Jewtopia (2013)	Comedy, Romance	4.4
1377	U-Carmen eKhayelitsha (2005)	Drama, Musical, Romance	6.7
1378	The Weight of Water (2002)	Crime, Drama, Mystery	5.9
1379	Don't Come Knocking (2005)	Drama, Music	6.7
1380	An Act of War (2015)	Drama, War	8.1
1381	Les ambitieux (2007)	Comedy, Romance	6
1382	Ex-Girlfriends (2012)	Drama, Romance	NO DATA
1383	Being Human (2008)	Comedy, Drama	5.4
1384	Elephant Shoes (2005)	Romance	6.8
1385	Lies and Crimes (2007)	Crime, Drama, Mystery	5.1
1386	Mea Culpa (2005)	Short	NO DATA
1387	Loved to Death (2007)	Comedy, Crime, Fantasy	6.5
1388	Kyô no dekigoto (2004)	Drama, Romance	6.7
1389	Patrick (2013)	Horror	6.1
1390	Wai sing (2008)	Drama	6.7
1391	Sylvia (2004)	Drama	6.8
1392	Jungle 2 Jungle (1997)	Comedy, Family	5.1
1393	Marvel's Avengers Assemble (2013)	NO DATA	NO DATA
1394	L'amico di famiglia (2006)	Drama	7.1
1395	El niño pez (2009)	Drama, Romance, Thriller	5.9
1396	Overcome (2008)	Drama	NO DATA
1397	Antapal (2012)	Action, Crime, Drama	6.7
1398	Home of the Brave (2007)	Drama, War	7.2
1399	Unknown (2006)	Crime, Drama, Mystery	6.5
1400	Mort (2012)	Comedy, Drama, Romance	5.4
1401	Passions (1999)	Drama	7.8
1402	Lila & Eve (2015)	Crime, Drama, Mystery	5.8
1403	The Wedding Pact (2014)	Comedy, Romance	3.8
1404	Une femme de ménage (2002)	Comedy, Drama, Romance	6.3
1405	A Mighty Wind (2003)	Comedy, Music	7.3
1406	Happily N'Ever After 2 (2009)	Adventure, Animation, Comedy	3.9
1407	Guilty by Association (2003)	Action, Crime, Drama	2.5
1408	Schpaaa (1998)	Crime, Drama	6
1409	The Break-Up Artist (2009)	Comedy, Romance	4.9
1410	Mishen (2011)	Drama, Sci-Fi	5.9
1411	Sillaui dalbam (2001)	Comedy, Drama	6.6
1412	La tête de maman (2007)	Drama	6.2
1413	Hai-Alarm am Müggelsee (2013)	Comedy	6
1414	A Master Builder (2013)	Drama	6.1
1415	The Breed (2007)	Action, Adventure, Horror	4.7
1416	Phat Girlz (2006)	Comedy	3
1417	Butch Jamie (2008)	Comedy, Romance	4.5
1418	Letting Go of God (2008)	Documentary	8.2
1419	Sylvia (2000)	Drama	6.8
1420	The Beautician and the Beast (1997)	Comedy, Romance	5.3
1421	The Mirror Has Two Faces (1996)	Comedy, Drama, Romance	6.5
1422	He-Man and the Masters of the Universe (2002)	Action, Adventure, Animation	7.5
1423	Dar Alanda Kisa Paslasmalar (2000)	Drama, Sport	7.4
1424	Histoire de Marie et Julien (2003)	Drama, Fantasy, Mystery	7
1425	Neal 'N' Nikki (2005)	Comedy, Musical, Romance	3.3
1426	"Show Me a Hero" Episode #1.2 (2015)	NO DATA	NO DATA
1427	Dedemin insanlari (2011)	Comedy, Drama, Family	8.1
1428	Svadba (2000)	Comedy	8.1
1429	Virus X (2010)	Thriller	NO DATA
1430	Conversaciones con mamá (2004)	Comedy, Drama	7.3
1431	Tortured (2008)	Crime, Drama, Mystery	8.1
1432	Hotel Very Welcome (2007)	Comedy, Drama	6.5
1433	By Hook or by Crook (2001)	Crime, Drama, Romance	5.8
1434	Argo (2004)	Action, Comedy	7.1
1435	Backwash (2010)	Comedy	NO DATA
1436	Stuk! (2014)	Crime, Drama, Thriller	5.1
1437	Iruvar (1997)	Biography, Drama	8.6
1438	Talking Heads 2 (1998)	Drama	8.6
1439	House Hunting (2013)	Comedy, Short	6.3
1440	I Need Romance (2011)	Romance	7
1441	To Write Love on Her Arms (2015)	Biography, Drama, Music	6.6
1442	Hîrtia va fi albastrã (2006)	Action, Drama	7.8
1443	The Dust Factory (2010)	Drama, Family, Fantasy	6.1
1444	Change Scenario (2015)	Drama, Sci-Fi, Thriller	7.5
1445	Lob phee phee mai lob (2003)	Comedy	NO DATA
1446	The Practice (1997)	Comedy	6.5
1447	May in the Summer (2013)	Comedy, Drama	5.7
1448	Afula Express (1997)	Comedy, Drama, Romance	6.8
1449	Restless (2008)	Comedy, Romance	6.3
1450	Kyun! Ho Gaya Na... (2004)	Comedy, Drama, Romance	4.3
1451	Monica Z (2013)	Biography, Drama, Music	6.9
1452	Ya-soo (2006)	Action, Adventure, Crime	6.5
1453	No Greater Love (2009)	Drama	NO DATA
1454	No debes estar aquí (2002)	Horror, Thriller	4.5
1455	Southpaw (2015)	Drama, Sport	7.4
1456	Men in Black (1997)	Comedy, Short	7.9
1457	Get Him to the Greek (2010)	Adventure, Comedy, Music	6.4
1458	Starsky & Hutch (2004)	Comedy, Crime	6.1
1459	The Sitter (2011)	Drama, Thriller	5.5
1460	Fool's Gold (2008)	Drama	4.1
1461	Ella Enchanted (2004)	Comedy, Family, Fantasy	6.3
1462	Diary of a Wimpy Kid (2010)	Comedy, Family	6.2
1463	What's the Worst That Could Happen? (2001)	Comedy, Crime	5.5
1464	Dirty Girl (2011)	Comedy, Drama	6.5
1465	Stitches (2012)	Comedy	4.5
1466	Night of the Demons (2011)	Comedy, Fantasy, Horror	6.3
1467	To Save a Life (2010)	Drama	7
1468	The Reeds (2010)	Horror, Mystery, Thriller	4.7
1469	The Ugly Duckling and Me! (2006)	Adventure, Animation, Comedy	5.6
1470	Conversations with God (2006)	Adventure, Drama	6.6
1471	Strength and Honour (2007)	Action, Drama	6
1472	American Crude (2008)	Comedy, Drama	3.8
1473	The Nature of the Beast (1995)	Crime, Horror, Mystery	6.5
1474	Jersey Shore Shark Attack (2012)	Action, Comedy, Horror	3
1475	Shrek the Musical (2013)	Comedy, Family, Fantasy	7.1
1476	The American Mall (2008)	Comedy, Drama, Musical	4.9
1477	Shirli-myrli (1995)	Comedy	7.1
1478	Supernatural Activity (2012)	Comedy	2.8
1479	Detention (2010)	Drama	6.6
1480	Sharktopus vs. Pteracuda (2014)	Action, Horror, Sci-Fi	3.5
1481	To mikro psari (2014)	Crime, Drama	7
1482	Children of War (2014)	Documentary	8.7
1483	Lady Gaga & the Muppets' Holiday Spectacular (2013)	Comedy, Family, Music	5
1484	Night Claws (2013)	Horror	2.5
1485	New York City Serenade (2008)	Comedy, Drama	5.2
1486	Big Mamma's Boy (2011)	Comedy	4.9
1487	Hush Little Baby (2007)	Thriller	5.2
1488	It's Not You, It's Me (2013)	NO DATA	NO DATA
1489	Anything Is Possible (2013)	Adventure	8.2
1490	Hillbilly Highway (2012)	Comedy	3.4
1491	Province 77 (2002)	Action	5.6
1492	The Magical World of 'Ella Enchanted' (2004)	Documentary	4.5
1493	I'll See You in My Dreams (2015)	Biography, Comedy, Musical	6.8
1494	The Butler (2013)	Comedy, Short	5.5
1495	Don't Be a Menace to South Central While Drinking Your Juice in the Hood (1996)	Comedy, Crime	6.6
1496	Armored (2009)	Action, Crime, Thriller	5.7
1497	Infestation (2009)	Action, Horror, Sci-Fi	4.1
1498	What If... (2010)	Drama, Fantasy, Short	NO DATA
1499	The Least Among You (2010)	Biography, Drama	4.8
1500	Henry & Me (2014)	Animation, Family	6.1
1501	The Fantastic Four (2015)	Action, Adventure, Family	3.9
1502	Broder Daniel Forever (2009)	Documentary, Music	6.7
1503	The Perfect Score (2004)	Comedy, Crime	5.7
1504	The Bridge to Nowhere (2009)	Crime, Drama	5.6
1505	Crash (2005)	Drama	4.5
1506	Casper (1995)	Comedy, Family, Fantasy	6.1
1507	Chappie (2015)	Action, Crime, Drama	6.8
1508	Beverly Hills Chihuahua (2008)	Adventure, Comedy, Drama	3.8
1509	De ofrivilliga (2008)	Drama	7.1
1510	Garfield (2004)	Action, Family	6.9
1511	Svartur á leik (2012)	Crime, Thriller	6.8
1512	Devil's Pond (2005)	Drama, Thriller	5.4
1513	Hector and the Search for Happiness (2014)	Adventure, Comedy, Drama	7
1514	Set It Off (1996)	Action, Crime, Drama	6.8
1515	Baby Boy (2001)	Crime, Drama, Romance	6.4
1516	Spun (2003)	Comedy, Crime, Drama	6.8
1517	The Hacker Wars (2014)	Crime, Documentary	6.6
1518	Forbidden Woman (2013)	Drama	4.3
1519	First Light (2010)	Documentary	8.4
1520	The Love Punch (2014)	Comedy, Short	NO DATA
1521	Ice Soldiers (2013)	Action, Sci-Fi	4.2
1522	7 días (2005)	Comedy	6.7
1523	Meant to Be (2010)	Drama, Musical, Romance	8
1524	Köshpendiler (2005)	Drama, History, War	6
1525	Cheon-gook-eui Woo-pyeon-bae-dal-boo (2009)	Drama, Fantasy, Romance	6.9
1526	The Women of Doctor Who (2012)	Documentary	8.1
1527	Mini's First Time (2007)	Comedy, Crime, Drama	5.9
1528	The Even Stevens Movie (2003)	Comedy, Family	6.3
1529	Noon-e-neun noon I-e-neun i (2008)	Action, Crime	6
1530	Eye for Eye (2008)	Drama, Romance	6.7
1531	Escape Plan (2013)	Action, Crime, Mystery	6.7
1532	Clueless (1995)	Comedy, Romance	6.8
1533	Spawn (1997)	Action, Animation, Crime	8.1
1534	Choke (2008)	Documentary	7.5
1535	Beautiful Girls (1996)	Comedy, Drama, Romance	7.2
1536	Now Is Good (2012)	Drama, Romance	7.2
1537	Picture This (2008)	Family	NO DATA
1538	Dinner Rush (2002)	Crime, Drama, Romance	7.3
1539	Decoys (2004)	Comedy, Horror, Sci-Fi	4.6
1540	Listen Up Philip (2014)	Comedy, Drama	6.3
1541	Touch of Pink (2004)	Comedy, Drama, Romance	6.6
1542	Cloud 9 (2014)	Adult	6.8
1543	East Side Story (2006)	Documentary, Music	7.2
1544	Knights of Bloodsteel (2009)	Adventure, Drama, Fantasy	4.6
1545	The Oakley Seven (2007)	Horror, Thriller	3.8
1546	Deep in the Valley (2009)	Comedy	4.4
1547	Cuckoo (2012)	Comedy, Short	NO DATA
1548	The Pirate Fairy (2014)	Adventure, Animation, Family	6.6
1549	Suck (2011)	Horror, Short	7.3
1550	"Full Circle" Vera & Bud (2015)	NO DATA	NO DATA
1551	Fasandræberne (2014)	Crime, Mystery, Thriller	7.1
1552	The Simpsons Movie (2007)	Adventure, Animation, Comedy	7.4
1553	Against the Law (1997)	Action, Crime, Drama	5.8
1554	He Kills Coppers (2008)	Crime, Drama	6.5
1555	The Jacket (2005)	Drama, Fantasy, Horror	7.1
1556	Hauru no ugoku shiro (2005)	Adventure, Animation, Family	8.2
1557	Bushwhacked (1995)	Adventure, Comedy, Crime	5.5
1558	Scooby-Doo and the Loch Ness Monster (2004)	Adventure, Animation, Comedy	6.8
1559	Scooby-Doo! And the Samurai Sword (2009)	Action, Animation, Comedy	6.6
1560	The Remaining (2014)	Horror, Thriller	4.3
1561	The Reluctant Fundamentalist (2013)	Drama, Thriller	6.9
1562	Cloudy with a Chance of Meatballs 2 (2013)	Action, Adventure, Animation	6.4
1563	Seven Psychopaths (2012)	Comedy, Crime	7.2
1564	Slash (2003)	Comedy, Horror, Thriller	4.2
1565	Bound (2015)	Short	8
1566	Broadway Idiot (2013)	Documentary, Music, Musical	7.7
1567	The Rules of Attraction (2002)	Comedy, Drama, Romance	6.7
1568	Forget Me Not (2011)	Drama	NO DATA
1569	Pledge This! (2006)	Comedy	1.9
1570	Barbie Diaries (2006)	Animation, Family	5.6
1571	Are We Done Yet? (2007)	Comedy, Family, Fantasy	4.1
1572	The Ledge (2011)	Short	7.7
1573	No One Lives (2013)	Horror, Thriller	6
1574	Cher Ami... ¡y yo! (2009)	Adventure, Animation, Family	6.6
1575	Iron Sky (2012)	Action, Comedy, Sci-Fi	5.9
1576	Spaced (2001)	Action, Comedy	8.6
1577	Extras (2005)	Action, Comedy	5.1
1578	Life Partners (2014)	Comedy, Romance	6.2
1579	Murder by Numbers (2002)	Crime, Thriller	4.7
1580	Black Rain (2009)	Action, Crime, Thriller	6.6
1581	Plastic (2014)	Fantasy, Short	NO DATA
1582	Konferenz der Tiere (2010)	Adventure, Animation, Comedy	4.9
1583	The Looney Tunes Show (2011)	Animation, Comedy, Family	7.8
1584	The Powerpuff Girls (1998)	Action, Animation, Comedy	7.3
1585	Daria in 'Is It Fall Yet?' (2000)	Animation, Comedy	8.2
1586	Tripping the Rift (2000)	Animation, Comedy, Short	7
1587	The Powerpuff Girls Movie (2002)	Action, Adventure, Animation	6.5
1588	The Longest Week (2014)	Comedy, Drama, Romance	5.4
1589	Daria in 'Is It College Yet?' (2002)	Animation, Comedy, Romance	8.3
1590	Country Strong (2011)	Drama, Music	6.3
1591	The Littlest Angel (2013)	Family, Fantasy	6.5
1592	An Oversimplification of Her Beauty (2013)	Animation, Comedy, Drama	6.2
1593	Saints and Soldiers (2005)	Action, Drama, War	6.8
1594	Hemingway & Gellhorn (2012)	Biography, Drama, Romance	6.3
1595	Incognito (1998)	Comedy	NO DATA
1596	White Wall (2010)	Action, Mystery, Sci-Fi	4.2
1597	Babe, I Love You (2010)	NO DATA	NO DATA
1598	Fools Rush In (1997)	Comedy	6.4
1599	And Soon the Darkness (2011)	Horror, Mystery, Thriller	6.7
1600	One-Eyed Monster (2008)	Comedy, Horror, Sci-Fi	4.2
1601	The 39 Steps (2008)	Mystery, Thriller	7.8
1602	Through the Eye (2011)	Action, Crime, Mystery	3.9
1603	The Hurricane (2000)	Action, Drama, Romance	7.3
1604	Smiley (2012)	Comedy	6.9
1605	Anger Management (2003)	Comedy	6.2
1606	In the Time of the Butterflies (2004)	Crime, Drama, Romance	6.8
1607	Johnny Was (2006)	Action, Crime, Drama	5.6
1608	Ziri (2001)	War	7.1
1609	The Proposal (2002)	Crime, Drama	NO DATA
1610	Blinkende lygter (2000)	Action, Comedy, Crime	7.7
1611	Michael Clayton (2007)	Crime, Drama, Mystery	7.3
1612	Couples Retreat (2009)	Comedy	5.5
1613	Drillbit Taylor (2008)	Comedy, Drama	5.7
1614	A Knight's Tale (2001)	Action, Adventure, Romance	6.9
1615	Meet the Fockers (2004)	Comedy, Romance	6.3
1616	Scooby-Doo on Zombie Island (1998)	Adventure, Animation, Comedy	7.8
1617	Baghead (2008)	Comedy, Drama, Horror	6
1618	Cheerful Weather for the Wedding (2012)	Comedy, Drama, Romance	5.6
1619	The Pentagon Papers (2003)	Drama, History, Thriller	6.6
1620	Jurassic Attack (2013)	Reality-TV	NO DATA
1621	Ordinary Couples, ExtraOrdinary Lives! (2008)	NO DATA	NO DATA
1622	"Every Witch Way" The Abyss (2014)	NO DATA	NO DATA
1623	"Teen Wolf" Dreamcatchers (2015)	NO DATA	NO DATA
1624	Metro (1997)	Action, Comedy, Crime	5.5
1625	The Adjustment Bureau (2011)	Romance, Sci-Fi, Thriller	7.1
1626	A Prairie Home Companion (2006)	Comedy, Drama, Music	6.8
1627	Cockneys vs Zombies (2012)	Action, Comedy, Crime	5.9
1628	A Wrinkle in Time (2004)	Adventure, Family, Fantasy	5.7
1629	The Marine (2006)	Action, Drama, Thriller	4.7
1630	Le club des chômeurs (2003)	NO DATA	6.8
1631	The Making of 'A Knight's Tale' (2001)	Documentary, Short	7.4
1632	Underdogs (2006)	Comedy	7.1
1633	Spy (2015)	Thriller	5.8
1634	Underdog (2007)	Action, Animation, Comedy	7.4
1635	Beerfest (2006)	Comedy	6.3
1636	Dark Tide (2012)	Thriller	5
1637	It Runs in the Family (2003)	Comedy, Family	5.7
1638	Seeing Other People (2011)	Comedy, Romance	5.9
1639	Iron Invader (2011)	Sci-Fi	3.7
1640	Lian ai tong gao (2010)	Comedy, Romance	5.9
1641	Animal Games (2004)	Documentary	6.6
1642	Torque (2004)	Action, Comedy, Crime	4
1643	Death Race 2 (2010)	Action, Sci-Fi, Thriller	5.6
1644	The Smurfs (2011)	Adventure, Animation, Comedy	5.5
1645	Sky High (2005)	Action, Drama, Romance	5.9
1646	TMNT (2007)	Action, Adventure, Animation	6.3
1647	In Her Shoes (2005)	Comedy, Drama, Romance	6.5
1648	Once Upon a Time in the Midlands (2002)	Comedy, Drama, Romance	6.2
1649	Tickets (2005)	Comedy, Drama	7
1650	Hostile Makeover (2009)	Drama	6
1651	The Death and Life of Bobby Z (2007)	Action, Crime, Thriller	5.9
1652	Astérix et les Vikings (2006)	Adventure, Animation, Comedy	6
1653	16 Wishes (2010)	Drama, Family, Fantasy	5.5
1654	The King of Fighters (2010)	Action, Sci-Fi, Thriller	3.1
1655	Jersey Boys (2014)	Biography, Drama, Music	6.8
1656	Ice Spiders (2007)	Horror	3.1
1657	The Pool Boys (2010)	Comedy	4.7
1658	Knucklehead (2010)	Action, Comedy, Drama	5.3
1659	Earthstorm (2006)	Action, Drama, Sci-Fi	3.6
1660	Jerusalem Countdown (2011)	Thriller	4.1
1661	Locker 13 (2014)	Family, Fantasy, Horror	9
1662	"Boy Meets World" Can I Help to Cheer You? (1999)	NO DATA	NO DATA
1663	"Trailer Park Boys" The Super-Duper-Industrial-Bubbles-Honey-Oil-Inator (2014)	NO DATA	NO DATA
1664	"Young & Hungry" Young & Oh, Brother (2015)	NO DATA	NO DATA
1665	Asterix et les Vikings (2006)	NO DATA	NO DATA
1666	Mongolian Death Worm (2010)	Action, Horror, Sci-Fi	3.3
1667	Kaboom (2010)	Animation, Short	6.1
1668	The Bear Family & Me (2011)	Documentary	8.5
1669	Mou ga ji bo (2011)	Comedy	3.4
1670	Bride Wars (2009)	Comedy, Romance	5.5
1671	Madea's Witness Protection (2012)	Comedy, Crime, Drama	4.9
1672	Ji jie hao (2007)	Action, Biography, Drama	7.3
1673	Lepa sela lepo gore (1997)	Comedy, Drama, History	8.7
1674	Stung (2015)	Crime, Drama, Short	5.8
1675	Arpointeu (2004)	Action, Horror, War	6.4
1676	Android Cop (2015)	Action, Sci-Fi	3.1
1677	Seed of Chucky (2004)	Comedy, Fantasy, Horror	4.9
1678	Over Her Dead Body (2008)	Comedy, Fantasy, Romance	5.2
1679	El cuerpo (2012)	Comedy, Drama	NO DATA
1680	Gossip (2000)	Drama	NO DATA
1681	Caffeine (2007)	Comedy	5.6
1682	Space Warriors (2013)	Adventure, Animation	NO DATA
1683	Finding Joy (2013)	NO DATA	8
1684	The Ring (2002)	Drama, Short	5.3
1685	Eagle Eye (2008)	Action, Mystery, Thriller	6.6
1686	Bones (2001)	Crime, Horror	4.1
1687	Til Death (2006)	Comedy, Crime, Fantasy	6.9
1688	Bad Boy (2002)	Comedy, Short	6.8
1689	Life After Beth (2014)	Horror, Short	7.4
1690	The Truth About Jane (2000)	Drama, Romance	6.8
1691	Relax... It's Just Sex (1998)	Comedy	6.9
1692	The Knot (2012)	Action, Crime, Drama	NO DATA
1693	Sorte Nula (2004)	Crime, Mystery	6.4
1694	Ghost Storm (2011)	Action, Horror, Sci-Fi	3.7
1695	"Dark Matter" Episode #1.6 (2015)	NO DATA	NO DATA
1696	An American Werewolf in Paris (1997)	Comedy, Fantasy, Horror	5.1
1697	Death of a President (2006)	Crime, Drama, Mystery	6.4
1698	Furious Seven (2015)	Action, Crime, Thriller	7.2
1699	Harry Potter and the Order of the Phoenix (2007)	Adventure, Family, Fantasy	7.5
1700	Minority Report (2002)	Action, Adventure, Crime	7.7
1701	Hulk (2003)	Action, Animation, Sci-Fi	6.6
1702	Red Lights (2012)	Mystery	6.4
1703	Piranha 3D (2010)	Comedy, Horror, Thriller	5.5
1704	It's a Boy Girl Thing (2006)	Comedy, Fantasy, Romance	6.3
1705	Nine Months (1995)	Comedy, Romance	5.5
1706	Tesis (1996)	Mystery, Thriller	7.5
1707	A Simple Plan (1999)	Crime, Drama, Thriller	7.5
1708	The Princess and the Frog (2009)	Adventure, Animation, Comedy	7.1
1709	Obsessed (2009)	Adult, Crime, Drama	7.2
1710	The Full Monty (1997)	Comedy, Drama	7.2
1711	The Benchwarmers (2006)	Action, Comedy, Family	5.6
1712	Earth to Echo (2014)	Adventure, Family, Sci-Fi	5.8
1713	Middle Men (2010)	Comedy, Crime, Drama	6.6
1714	Confessions of a Shopaholic (2009)	Comedy, Family, Romance	5.9
1715	Five Minutes of Heaven (2009)	Drama, Thriller	6.7
1716	Owning Mahowny (2003)	Crime, Drama, Thriller	7.1
1717	Keeping Mum (2005)	Comedy	7.5
1718	Into the Storm (2014)	Biography, Drama, History	7.1
1719	Kôkaku Kidôtai (1995)	Action, Animation, Crime	8
1720	Zire darakhatan zeyton (1995)	Drama	7.8
1721	La noche de los girasoles (2006)	Crime, Drama, Thriller	7.2
1722	The Saratov Approach (2013)	Action, Drama, Thriller	5.6
1723	Wedding Wars (2006)	Comedy, Drama, Romance	6.1
1724	Thoda Pyaar Thoda Magic (2008)	Comedy, Drama, Family	4.9
1725	Les soeurs fâchées (2004)	Comedy, Drama	6.4
1726	Wyatt Earp's Revenge (2012)	Drama, Western	4.5
1727	Zack and Miri Make a Porno (2008)	Comedy, Romance	6.6
1728	Our Girl (2013)	Drama, War	7.5
1729	Into Temptation (2009)	Drama	NO DATA
1730	Day of the Mummy (2014)	Comedy, Short	NO DATA
1731	Dudley Do-Right (1999)	Comedy, Family, Romance	3.9
1732	Min bedste fjende (2010)	Drama	6.6
1733	J'ai vu tuer Ben Barka (2005)	Drama	5.9
1734	One Chance (2013)	Biography, Comedy, Drama	6.8
1735	The Ark (2015)	Family	7.6
1736	Une rose entre nous (2007)	Short	6.5
1737	Pushing Up Daisies (2005)	Action, Comedy	4.1
1738	Bloody Sunday (2002)	Drama, History, War	7.7
1739	Calendar Girls (2003)	Comedy, Drama	6.9
1740	The Phoenix Before (2000)	Adult	NO DATA
1741	"Teen Wolf" Required Reading (2015)	NO DATA	NO DATA
1742	Un air de famille (1999)	Comedy, Drama	7.6
1743	Mo gong (2006)	Action, Drama, War	6.7
1744	House of Saddam (2008)	Biography, Drama, History	7.6
1745	Muertos de risa (1999)	Comedy, Drama	6.6
1746	Whiteout (2009)	Action, Crime, Horror	5.5
1747	Paperback Hero (1999)	Drama, Sport	6
1748	Skeleton Crew (2010)	Action, Crime, Drama	8
1749	Kidô senshi Gundam Seed Destiny (2004)	Action, Animation, Drama	7.2
1750	Proie (2011)	Adventure, Drama, Horror	5.3
1751	And Now a Word from Our Sponsor (2013)	Comedy, Family	NO DATA
1752	Leviafan (2015)	Crime, Drama	7.6
1753	Blue in the Face (1995)	Comedy	6.7
1754	Stripped Naked (2009)	Drama, Thriller	3.5
1755	Barrymore (2012)	Comedy, Music, Talk-Show	4.6
1756	Scooby-Doo! Moon Monster Madness (2015)	Adventure, Animation, Comedy	6.6
1757	Power Play (1998)	Drama, Thriller	5.7
1758	Mrs In-Betweeny (2008)	Drama	8.2
1759	"Chasing Life" The Age of Consent (2015)	NO DATA	NO DATA
1760	Episode 3 (2015)	Comedy, Drama, Romance	NO DATA
1761	Staten Island (2009)	Adventure	NO DATA
1762	Crime d'amour (2010)	NO DATA	5.2
1763	Into the Storm (2009)	Biography, Drama, History	7.1
1764	La gran aventura de Mortadelo y Filemón (2003)	Action, Adventure, Comedy	5.2
1765	Serving Sara (2002)	Comedy, Romance	5.3
1766	Kokoda (2006)	Action, Drama, War	6.2
1767	Deterrence (2000)	Drama, Thriller	6.5
1768	Suchîmubôi (2004)	Action, Adventure, Animation	6.9
1769	Chroniques sexuelles d'une famille d'aujourd'hui (2012)	Comedy, Drama, Romance	5.3
1770	Så som i himmelen (2004)	Comedy, Drama, Music	7.6
1771	The Mangler 2 (2002)	Horror, Sci-Fi	2.2
1772	The Andromeda Strain (2008)	Sci-Fi, Thriller	7.2
1773	Un crime au paradis (2001)	Comedy	6.5
1774	Nachtrit (2006)	Crime, Drama, Thriller	6.9
1775	Mixed Kebab (2012)	Drama, Romance	6.3
1776	Ma vraie vie à Rouen (2003)	Comedy, Drama, Sport	6.6
1777	Leave (2011)	Drama, Romance	NO DATA
1778	Wishin' and Hopin' (2014)	Crime, Drama, Mystery	NO DATA
1779	Gods and Monsters (1998)	Biography, Drama	7.5
1780	Andoromedia (1998)	Crime, Drama, Romance	4.8
1781	A Stranger in Paradise (2013)	Comedy	NO DATA
1782	L'intouchable (2006)	Drama	5.2
1783	É na Terra não é na Lua (2012)	Documentary, History	7.5
1784	The Lazarus Effect (2015)	Documentary, Short	6.1
1785	The Carpenter's Miracle (2013)	Comedy, Drama, Family	5.2
1786	Död vid ankomst (2008)	Action, Drama, Thriller	6.9
1787	Scorched (2003)	Adult	7.2
1788	Silent Night (2012)	NO DATA	NO DATA
1789	Marmoulak (2004)	Comedy, Drama	8.6
1790	"The Messengers" Harvest (2015)	NO DATA	NO DATA
1791	"Indian Summers" Episode #1.4 (2015)	NO DATA	NO DATA
1792	"Under the Dome" Move On (2015)	NO DATA	NO DATA
1793	April Fool's Day (2008)	Horror, Mystery	6.2
1794	Fertile Ground (2011)	Comedy, Short	NO DATA
1795	Eye of the Beholder (2000)	Drama, Mystery, Thriller	4.9
1796	State of Emergency (2011)	Drama, Thriller	6.4
1797	Caníbal (2013)	Thriller	5.9
1798	Graduation (2008)	Comedy, Crime, Drama	6.6
1799	Deepsea Challenge 3D (2014)	Documentary	6.8
1800	Sanctum (2011)	Adventure, Drama, Thriller	5.9
1801	Eden (2006)	Drama, Romance	4.7
1802	Nae anaeui modeun geot (2012)	Comedy, Drama, Romance	6.7
1803	Sherlock (2002)	Action, Adventure, Crime	6
1804	A Daughter's Nightmare (2014)	Drama, Mystery, Thriller	5.9
1805	The Ghosts of Edendale (2003)	Horror, Thriller, Western	3.8
1806	Erskineville Kings (1999)	Drama	6.4
1807	Dead of the Nite (2013)	Horror	2.9
1808	My Awkward Sexual Adventure (2013)	Comedy, Romance	6.1
1809	Snehaveedu (2011)	Drama, Family	5.6
1810	Jake Squared (2014)	Comedy, Drama	4.5
1811	Stranded (2015)	Drama	NO DATA
1812	The Big Hit (1998)	Action, Comedy, Crime	6.1
1813	Control (2005)	Adult	NO DATA
1814	S (2001)	Short	4.1
1815	My Mother (2015)	Biography	NO DATA
1816	The Calcium Kid (2004)	Comedy	5.6
1817	Held Up (2000)	Comedy	5.1
1818	The Hunted (2014)	Crime, Drama, Film-Noir	6.7
1819	Mindscape (2014)	Adventure, Fantasy, Sci-Fi	8.6
1820	Good Kill (2015)	Drama, Short	7.4
1821	Desperate Acts of Magic (2013)	Comedy	5
1822	That Day We Sang (2014)	Musical	7.5
1823	Bushi no ichibun (2006)	Drama, Romance	7.8
1824	Mutant X (2001)	Action, Adventure, Drama	6.1
1825	Booky & the Secret Santa (2007)	Drama, Family	7.2
1826	Compulsion (2013)	Biography, Crime, Drama	7.5
1827	Gotta Catch Santa Claus (2008)	Animation, Fantasy	5.7
1828	Veronika Decides to Die (2015)	Drama, Romance	6.5
1829	The Hunchback of Notre Dame II (2002)	Adventure, Animation, Comedy	4.8
1830	February (2003)	Drama, Romance	7.1
1831	Wanted (2008)	Crime, Drama	NO DATA
1832	The Frozen (2012)	Drama, Thriller	4.4
1833	Diplomatic Siege (1999)	Action, Thriller	3.9
1834	Tur & retur (2003)	Family	5.6
1835	Vaada Raha... I Promise (2009)	Drama	6.2
1836	Forever and a Day (2011)	Drama, History	7.3
1837	Strawberry Shortcakes (2007)	Drama	7.2
1838	Born (2007)	NO DATA	3.9
1839	Veronika wa shinu koto ni shita (2006)	Drama	6.2
1840	"Power" Three Moves Ahead (2015)	NO DATA	NO DATA
1841	Laugh Your Way to a Better Marriage (2005)	Family	7.8